-- MySQL dump 10.13  Distrib 8.0.34, for Win64 (x86_64)
--
-- Host: localhost    Database: bit_ai
-- ------------------------------------------------------
-- Server version	8.0.35

/*!40101 SET @OLD_CHARACTER_SET_CLIENT=@@CHARACTER_SET_CLIENT */;
/*!40101 SET @OLD_CHARACTER_SET_RESULTS=@@CHARACTER_SET_RESULTS */;
/*!40101 SET @OLD_COLLATION_CONNECTION=@@COLLATION_CONNECTION */;
/*!50503 SET NAMES utf8 */;
/*!40103 SET @OLD_TIME_ZONE=@@TIME_ZONE */;
/*!40103 SET TIME_ZONE='+00:00' */;
/*!40014 SET @OLD_UNIQUE_CHECKS=@@UNIQUE_CHECKS, UNIQUE_CHECKS=0 */;
/*!40014 SET @OLD_FOREIGN_KEY_CHECKS=@@FOREIGN_KEY_CHECKS, FOREIGN_KEY_CHECKS=0 */;
/*!40101 SET @OLD_SQL_MODE=@@SQL_MODE, SQL_MODE='NO_AUTO_VALUE_ON_ZERO' */;
/*!40111 SET @OLD_SQL_NOTES=@@SQL_NOTES, SQL_NOTES=0 */;

--
-- Table structure for table `bots`
--

DROP TABLE IF EXISTS `bots`;
/*!40101 SET @saved_cs_client     = @@character_set_client */;
/*!50503 SET character_set_client = utf8mb4 */;
CREATE TABLE `bots` (
  `id` varchar(255) NOT NULL,
  `name` varchar(255) NOT NULL,
  `updated_at` datetime DEFAULT NULL,
  `created_at` datetime DEFAULT NULL,
  `space_id` varchar(255) NOT NULL,
  `input_rate` float DEFAULT NULL,
  `output_rate` float DEFAULT NULL,
  `default_input_rate` float DEFAULT NULL,
  `default_output_rate` float DEFAULT NULL,
  PRIMARY KEY (`id`)
) ENGINE=InnoDB DEFAULT CHARSET=utf8mb4 COLLATE=utf8mb4_0900_ai_ci;
/*!40101 SET character_set_client = @saved_cs_client */;

--
-- Dumping data for table `bots`
--

LOCK TABLES `bots` WRITE;
/*!40000 ALTER TABLE `bots` DISABLE KEYS */;
INSERT INTO `bots` VALUES ('7441151070065836039','gpt-4o-mini','2024-11-27 00:00:00','2024-11-27 00:00:00','7441149405946085393',3.75,12,44,23),('babbage-002','babbage-002','2024-12-03 02:21:32','2024-12-03 02:21:32','7441149405946085393',NULL,NULL,NULL,NULL),('chatgpt-4o-latest','chatgpt-4o-latest','2024-12-03 02:21:32','2024-12-03 02:21:32','7441149405946085393',NULL,NULL,NULL,NULL),('dall-e-2','dall-e-2','2024-12-03 02:21:32','2024-12-03 02:21:32','7441149405946085393',NULL,NULL,NULL,NULL),('dall-e-3','dall-e-3','2024-12-03 02:21:32','2024-12-03 02:21:32','7441149405946085393',16000,0.0000001,NULL,NULL),('davinci-002','davinci-002','2024-12-03 02:21:32','2024-12-03 02:21:32','7441149405946085393',NULL,NULL,NULL,NULL),('gpt-3.5-turbo','gpt-3.5-turbo','2024-12-03 02:21:32','2024-12-03 02:21:32','7441149405946085393',NULL,NULL,NULL,NULL),('gpt-3.5-turbo-0125','gpt-3.5-turbo-0125','2024-12-03 02:21:32','2024-12-03 02:21:32','7441149405946085393',NULL,NULL,NULL,NULL),('gpt-3.5-turbo-1106','gpt-3.5-turbo-1106','2024-12-03 02:21:32','2024-12-03 02:21:32','7441149405946085393',NULL,NULL,NULL,NULL),('gpt-3.5-turbo-16k','gpt-3.5-turbo-16k','2024-12-03 02:21:32','2024-12-03 02:21:32','7441149405946085393',NULL,NULL,NULL,NULL),('gpt-3.5-turbo-instruct','gpt-3.5-turbo-instruct','2024-12-03 02:21:32','2024-12-03 02:21:32','7441149405946085393',NULL,NULL,NULL,NULL),('gpt-3.5-turbo-instruct-0914','gpt-3.5-turbo-instruct-0914','2024-12-03 02:21:32','2024-12-03 02:21:32','7441149405946085393',NULL,NULL,NULL,NULL),('gpt-4','gpt-4','2024-12-03 02:21:32','2024-12-03 02:21:32','7441149405946085393',NULL,NULL,NULL,NULL),('gpt-4-0125-preview','gpt-4-0125-preview','2024-12-03 02:21:32','2024-12-03 02:21:32','7441149405946085393',NULL,NULL,NULL,NULL),('gpt-4-0613','gpt-4-0613','2024-12-03 02:21:32','2024-12-03 02:21:32','7441149405946085393',NULL,NULL,NULL,NULL),('gpt-4-1106-preview','gpt-4-1106-preview','2024-12-03 02:21:32','2024-12-03 02:21:32','7441149405946085393',NULL,NULL,NULL,NULL),('gpt-4-turbo','gpt-4-turbo','2024-12-03 02:21:32','2024-12-03 02:21:32','7441149405946085393',NULL,NULL,NULL,NULL),('gpt-4-turbo-2024-04-09','gpt-4-turbo-2024-04-09','2024-12-03 02:21:32','2024-12-03 02:21:32','7441149405946085393',NULL,NULL,NULL,NULL),('gpt-4-turbo-preview','gpt-4-turbo-preview','2024-12-03 02:21:32','2024-12-03 02:21:32','7441149405946085393',NULL,NULL,NULL,NULL),('gpt-4o','gpt-4o','2024-12-03 02:21:32','2024-12-03 02:21:32','7441149405946085393',12.56,15.5,NULL,NULL),('gpt-4o-2024-05-13','gpt-4o-2024-05-13','2024-12-03 02:21:32','2024-12-03 02:21:32','7441149405946085393',NULL,NULL,NULL,NULL),('gpt-4o-2024-08-06','gpt-4o-2024-08-06','2024-12-03 02:21:32','2024-12-03 02:21:32','7441149405946085393',NULL,NULL,NULL,NULL),('gpt-4o-2024-11-20','gpt-4o-2024-11-20','2024-12-03 02:21:32','2024-12-03 02:21:32','7441149405946085393',NULL,NULL,NULL,NULL),('gpt-4o-audio-preview','gpt-4o-audio-preview','2024-12-03 02:21:32','2024-12-03 02:21:32','7441149405946085393',NULL,NULL,NULL,NULL),('gpt-4o-audio-preview-2024-10-01','gpt-4o-audio-preview-2024-10-01','2024-12-03 02:21:32','2024-12-03 02:21:32','7441149405946085393',NULL,NULL,NULL,NULL),('gpt-4o-mini-2024-07-18','gpt-4o-mini-2024-07-18','2024-12-03 02:21:32','2024-12-03 02:21:32','7441149405946085393',NULL,NULL,NULL,NULL),('gpt-4o-realtime-preview','gpt-4o-realtime-preview','2024-12-03 02:21:32','2024-12-03 02:21:32','7441149405946085393',NULL,NULL,NULL,NULL),('gpt-4o-realtime-preview-2024-10-01','gpt-4o-realtime-preview-2024-10-01','2024-12-03 02:21:32','2024-12-03 02:21:32','7441149405946085393',NULL,NULL,NULL,NULL),('o1-mini','o1-mini','2024-12-03 04:21:16','2024-12-03 04:21:16','7441149405946085393',NULL,NULL,NULL,NULL),('o1-mini-2024-09-12','o1-mini-2024-09-12','2024-12-03 02:21:32','2024-12-03 02:21:32','7441149405946085393',NULL,NULL,NULL,NULL),('o1-preview','o1-preview','2024-12-03 04:21:16','2024-12-03 04:21:16','7441149405946085393',NULL,NULL,NULL,NULL),('o1-preview-2024-09-12','o1-preview-2024-09-12','2024-12-03 02:21:32','2024-12-03 02:21:32','7441149405946085393',NULL,NULL,NULL,NULL),('text-embedding-3-large','text-embedding-3-large','2024-12-03 02:21:32','2024-12-03 02:21:32','7441149405946085393',NULL,NULL,NULL,NULL),('text-embedding-3-small','text-embedding-3-small','2024-12-03 02:21:32','2024-12-03 02:21:32','7441149405946085393',NULL,NULL,NULL,NULL),('text-embedding-ada-002','text-embedding-ada-002','2024-12-03 02:21:32','2024-12-03 02:21:32','7441149405946085393',NULL,NULL,NULL,NULL),('tts-1','tts-1','2024-12-03 02:21:32','2024-12-03 02:21:32','7441149405946085393',6,0.0000001,NULL,NULL),('tts-1-1106','tts-1-1106','2024-12-03 02:21:32','2024-12-03 02:21:32','7441149405946085393',NULL,NULL,NULL,NULL),('tts-1-hd','tts-1-hd','2024-12-03 02:21:32','2024-12-03 02:21:32','7441149405946085393',12,0.0000001,NULL,NULL),('tts-1-hd-1106','tts-1-hd-1106','2024-12-03 02:21:32','2024-12-03 02:21:32','7441149405946085393',NULL,NULL,NULL,NULL),('whisper-1','whisper-1','2024-12-03 02:21:32','2024-12-03 02:21:32','7441149405946085393',NULL,NULL,NULL,NULL);
/*!40000 ALTER TABLE `bots` ENABLE KEYS */;
UNLOCK TABLES;

--
-- Table structure for table `conversations`
--

DROP TABLE IF EXISTS `conversations`;
/*!40101 SET @saved_cs_client     = @@character_set_client */;
/*!50503 SET character_set_client = utf8mb4 */;
CREATE TABLE `conversations` (
  `id` varchar(255) NOT NULL,
  `bot_id` varchar(255) NOT NULL,
  `completed_at` bigint DEFAULT NULL,
  `created_at` datetime DEFAULT NULL,
  `status` varchar(255) NOT NULL DEFAULT 'pending',
  `updated_at` datetime DEFAULT NULL,
  `last_error` json NOT NULL,
  `user_id` int NOT NULL,
  `content` longtext,
  PRIMARY KEY (`id`),
  KEY `bot_id` (`bot_id`),
  KEY `user_id` (`user_id`),
  CONSTRAINT `conversations_ibfk_1` FOREIGN KEY (`bot_id`) REFERENCES `bots` (`id`) ON DELETE CASCADE ON UPDATE CASCADE,
  CONSTRAINT `conversations_ibfk_2` FOREIGN KEY (`user_id`) REFERENCES `users` (`id`) ON DELETE CASCADE ON UPDATE CASCADE
) ENGINE=InnoDB DEFAULT CHARSET=utf8mb4 COLLATE=utf8mb4_0900_ai_ci;
/*!40101 SET character_set_client = @saved_cs_client */;

--
-- Dumping data for table `conversations`
--

LOCK TABLES `conversations` WRITE;
/*!40000 ALTER TABLE `conversations` DISABLE KEYS */;
INSERT INTO `conversations` VALUES ('17340580336575','7441151070065836039',1734058033657,'2024-12-13 02:47:13','completed','2024-12-13 02:47:13','{\"msg\": \"\", \"code\": 0}',5,NULL),('17340654830335','tts-1',1734065483033,'2024-12-13 04:51:23','completed','2024-12-13 04:51:23','{\"msg\": \"\", \"code\": 0}',5,NULL),('17340655004425','tts-1',1734065500442,'2024-12-13 04:51:40','completed','2024-12-13 04:51:40','{\"msg\": \"\", \"code\": 0}',5,NULL),('17340806878995','tts-1',1734080687899,'2024-12-13 09:04:47','completed','2024-12-13 09:04:47','{\"msg\": \"\", \"code\": 0}',5,NULL),('17344037804625','tts-1',1734403780462,'2024-12-17 02:49:40','completed','2024-12-17 02:49:40','{\"msg\": \"\", \"code\": 0}',5,NULL),('17344089468245','tts-1',1734408946824,'2024-12-17 04:15:46','completed','2024-12-17 04:15:46','{\"msg\": \"\", \"code\": 0}',5,NULL),('17346139738625','tts-1',1734613973863,'2024-12-19 13:12:53','completed','2024-12-19 13:12:53','{\"msg\": \"\", \"code\": 0}',5,NULL),('17346781684405','dall-e-3',1734678168440,'2024-12-20 07:02:48','completed','2024-12-20 07:02:48','{\"msg\": \"\", \"code\": 0}',5,'https://oaidalleapiprodscus.blob.core.windows.net/private/org-Lr1oJjt0tDnkUXTfV9ZIFWpH/user-o8tT5ywgY5Am694Od58hEwK3/img-pzULh8WekRF2kN92jdrvkAOg.png?st=2024-12-20T06%3A02%3A49Z&se=2024-12-20T08%3A02%3A49Z&sp=r&sv=2024-08-04&sr=b&rscd=inline&rsct=image/png&skoid=d505667d-d6c1-4a0a-bac7-5c84a87759f8&sktid=a48cca56-e6da-484e-a814-9c849652bcb3&skt=2024-12-20T00%3A16%3A55Z&ske=2024-12-21T00%3A16%3A55Z&sks=b&skv=2024-08-04&sig=lEWA0t4Lk19/bdoVeGR/cp3kkDrtLlI9%2B/RJukwPMoQ%3D'),('17346785031495','tts-1',1734678503149,'2024-12-20 07:08:23','completed','2024-12-20 07:08:23','{\"msg\": \"\", \"code\": 0}',5,'http://res.cloudinary.com/drabm29xb/video/upload/v1734678503/fupzawrzt9chbpnh4ebo.mp3'),('17346813149645','tts-1',1734681314964,'2024-12-20 07:55:14','completed','2024-12-20 07:55:14','{\"msg\": \"\", \"code\": 0}',5,'http://res.cloudinary.com/drabm29xb/video/upload/v1734681315/ygpiqtfismqswe3hslcq.mp3'),('17346813313155','dall-e-3',1734681331315,'2024-12-20 07:55:31','completed','2024-12-20 07:55:31','{\"msg\": \"\", \"code\": 0}',5,'https://oaidalleapiprodscus.blob.core.windows.net/private/org-Lr1oJjt0tDnkUXTfV9ZIFWpH/user-o8tT5ywgY5Am694Od58hEwK3/img-Zv53L0sesRVZg1gkCD2oRe8B.png?st=2024-12-20T06%3A55%3A32Z&se=2024-12-20T08%3A55%3A32Z&sp=r&sv=2024-08-04&sr=b&rscd=inline&rsct=image/png&skoid=d505667d-d6c1-4a0a-bac7-5c84a87759f8&sktid=a48cca56-e6da-484e-a814-9c849652bcb3&skt=2024-12-20T00%3A16%3A23Z&ske=2024-12-21T00%3A16%3A23Z&sks=b&skv=2024-08-04&sig=1wmr8KBjqjpnHl8ut8jO9P7QeLFHmXVhBPzndVIEhH0%3D'),('17346856976155','dall-e-3',1734685697615,'2024-12-20 09:08:17','completed','2024-12-20 09:08:17','{\"msg\": \"\", \"code\": 0}',5,'https://oaidalleapiprodscus.blob.core.windows.net/private/org-Lr1oJjt0tDnkUXTfV9ZIFWpH/user-o8tT5ywgY5Am694Od58hEwK3/img-cNqA4d5wWX6hfv88k290N2ji.png?st=2024-12-20T08%3A08%3A18Z&se=2024-12-20T10%3A08%3A18Z&sp=r&sv=2024-08-04&sr=b&rscd=inline&rsct=image/png&skoid=d505667d-d6c1-4a0a-bac7-5c84a87759f8&sktid=a48cca56-e6da-484e-a814-9c849652bcb3&skt=2024-12-20T00%3A30%3A15Z&ske=2024-12-21T00%3A30%3A15Z&sks=b&skv=2024-08-04&sig=LlrXt4ES7cYo2gk7l/dfe3Va0fmJzOBmXYX1MJ5IwEw%3D'),('17346870642485','tts-1',1734687064248,'2024-12-20 09:31:04','completed','2024-12-20 09:31:04','{\"msg\": \"\", \"code\": 0}',5,'http://res.cloudinary.com/drabm29xb/video/upload/v1734687064/ch2avko3kuwrepsvuer0.mp3'),('17349430960335','dall-e-3',1734943096033,'2024-12-23 08:38:16','completed','2024-12-23 08:38:16','{\"msg\": \"\", \"code\": 0}',5,'https://oaidalleapiprodscus.blob.core.windows.net/private/org-Lr1oJjt0tDnkUXTfV9ZIFWpH/user-o8tT5ywgY5Am694Od58hEwK3/img-clYy74kFa6lldymFidPw16I9.png?st=2024-12-23T07%3A38%3A15Z&se=2024-12-23T09%3A38%3A15Z&sp=r&sv=2024-08-04&sr=b&rscd=inline&rsct=image/png&skoid=d505667d-d6c1-4a0a-bac7-5c84a87759f8&sktid=a48cca56-e6da-484e-a814-9c849652bcb3&skt=2024-12-22T19%3A52%3A41Z&ske=2024-12-23T19%3A52%3A41Z&sks=b&skv=2024-08-04&sig=dGOs9DlkCfR5lyfLCzAIkEmFT4tTwtx8YiPIy%2BXf%2BDI%3D'),('17349470485705','tts-1',1734947048571,'2024-12-23 09:44:08','completed','2024-12-23 09:44:08','{\"msg\": \"\", \"code\": 0}',5,'http://res.cloudinary.com/drabm29xb/video/upload/v1734947047/ukye5ryupcd17m7o0huk.mp3'),('7442558861204258823','7441151070065836039',1732855819,'2024-11-29 04:50:17','completed','2024-11-29 04:50:17','{\"msg\": \"\", \"code\": 0}',5,NULL),('7442558958591541255','7441151070065836039',1732855829,'2024-11-29 04:50:27','completed','2024-11-29 04:50:27','{\"msg\": \"\", \"code\": 0}',5,NULL),('7442558980569956359','7441151070065836039',1732855869,'2024-11-29 04:51:07','completed','2024-11-29 04:51:07','{\"msg\": \"\", \"code\": 0}',5,NULL),('7442559165467230226','7441151070065836039',1732855875,'2024-11-29 04:51:13','completed','2024-11-29 04:51:13','{\"msg\": \"\", \"code\": 0}',5,NULL),('7442592209813422088','7441151070065836039',1732863594,'2024-11-29 06:59:50','completed','2024-11-29 06:59:50','{\"msg\": \"\", \"code\": 0}',5,NULL),('7442609805442859026','7441151070065836039',1732867661,'2024-11-29 08:07:41','completed','2024-11-29 08:07:41','{\"msg\": \"\", \"code\": 0}',5,NULL),('7442609977090523143','7441151070065836039',1732867729,'2024-11-29 08:08:49','completed','2024-11-29 08:08:49','{\"msg\": \"\", \"code\": 0}',5,NULL),('7442611248698802194','7441151070065836039',1732868022,'2024-11-29 08:13:42','completed','2024-11-29 08:13:42','{\"msg\": \"\", \"code\": 0}',5,NULL),('7442611901974020103','7441151070065836039',1732868180,'2024-11-29 08:16:20','completed','2024-11-29 08:16:20','{\"msg\": \"\", \"code\": 0}',5,NULL),('7442616015730753543','7441151070065836039',1732869099,'2024-11-29 08:31:39','completed','2024-11-29 08:31:39','{\"msg\": \"\", \"code\": 0}',5,NULL),('7442636691988594695','7441151070065836039',1732873919,'2024-11-29 09:51:59','completed','2024-11-29 09:51:59','{\"msg\": \"\", \"code\": 0}',5,NULL),('7442636743154597896','7441151070065836039',1732873929,'2024-11-29 09:52:09','completed','2024-11-29 09:52:09','{\"msg\": \"\", \"code\": 0}',5,NULL),('7443640275207208978','7441151070065836039',1733107610,'2024-12-02 02:46:50','completed','2024-12-02 02:46:50','{\"msg\": \"\", \"code\": 0}',5,NULL),('7443640308023246866','7441151070065836039',1733107598,'2024-12-02 02:46:38','completed','2024-12-02 02:46:38','{\"msg\": \"\", \"code\": 0}',5,NULL),('7443640628333920264','7441151070065836039',1733107687,'2024-12-02 02:48:07','completed','2024-12-02 02:48:07','{\"msg\": \"\", \"code\": 0}',5,NULL),('7443647858877956104','7441151070065836039',1733109369,'2024-12-02 03:16:09','completed','2024-12-02 03:16:09','{\"msg\": \"\", \"code\": 0}',5,NULL),('7443670784419102738','7441151070065836039',1733114706,'2024-12-02 04:45:06','completed','2024-12-02 04:45:06','{\"msg\": \"\", \"code\": 0}',5,NULL),('7443671322615447559','7441151070065836039',1733114823,'2024-12-02 04:47:03','completed','2024-12-02 04:47:03','{\"msg\": \"\", \"code\": 0}',5,NULL),('7443672376295997458','7441151070065836039',1733115125,'2024-12-02 04:52:05','completed','2024-12-02 04:52:05','{\"msg\": \"\", \"code\": 0}',5,NULL),('7443672481967112200','7441151070065836039',1733115099,'2024-12-02 04:51:39','completed','2024-12-02 04:51:39','{\"msg\": \"\", \"code\": 0}',5,NULL),('7443753859224485896','7441151070065836039',1733134049,'2024-12-02 10:07:29','completed','2024-12-02 10:07:29','{\"msg\": \"\", \"code\": 0}',5,NULL),('7443754055182188562','7441151070065836039',1733134084,'2024-12-02 10:08:04','completed','2024-12-02 10:08:04','{\"msg\": \"\", \"code\": 0}',5,NULL),('7443754158152302599','7441151070065836039',1733134117,'2024-12-02 10:08:37','completed','2024-12-02 10:08:37','{\"msg\": \"\", \"code\": 0}',5,NULL),('7443754929568890887','7441151070065836039',1733134327,'2024-12-02 10:12:07','completed','2024-12-02 10:12:07','{\"msg\": \"\", \"code\": 0}',5,NULL),('7443755237946523666','7441151070065836039',1733134364,'2024-12-02 10:12:44','completed','2024-12-02 10:12:44','{\"msg\": \"\", \"code\": 0}',5,NULL),('7443990983685013511','7441151070065836039',1733189264,'2024-12-03 01:27:44','completed','2024-12-03 01:27:44','{\"msg\": \"\", \"code\": 0}',5,NULL),('7444486500630298631','7441151070065836039',1733304634,'2024-12-04 09:30:34','completed','2024-12-04 09:30:34','{\"msg\": \"\", \"code\": 0}',5,NULL),('7444486933813657608','7441151070065836039',1733304711,'2024-12-04 09:31:51','completed','2024-12-04 09:31:51','{\"msg\": \"\", \"code\": 0}',5,NULL),('7444495707089682439','7441151070065836039',1733306748,'2024-12-04 10:05:46','completed','2024-12-04 10:05:46','{\"msg\": \"\", \"code\": 0}',5,NULL),('7444736176109502471','7441151070065836039',1733362757,'2024-12-05 01:39:15','completed','2024-12-05 01:39:15','{\"msg\": \"\", \"code\": 0}',5,NULL),('chatcmpl-Acpk7cshiXkpX0ZcvS9OQS4Z96uR8','7441151070065836039',1733818727849,'2024-12-10 08:18:47','completed','2024-12-10 08:18:47','{\"msg\": \"\", \"code\": 0}',5,NULL),('chatcmpl-Acpn0swjpxcHtjDsLqDaxhoZZn8Ug','7441151070065836039',1733818907217,'2024-12-10 08:21:47','completed','2024-12-10 08:21:47','{\"msg\": \"\", \"code\": 0}',5,NULL),('chatcmpl-Acpzaz95HCEgJGehUNvdpXMsj5eiX','7441151070065836039',1733819694571,'2024-12-10 08:34:54','completed','2024-12-10 08:34:54','{\"msg\": \"\", \"code\": 0}',5,NULL),('chatcmpl-Ad5y6TpGuldKShvkXNyk2z9MG9e8D','7441151070065836039',1733881096712,'2024-12-11 01:38:16','completed','2024-12-11 01:38:16','{\"msg\": \"\", \"code\": 0}',5,NULL),('chatcmpl-AdrhoKnzZHNJSTjf0lPJG0JSspFNu','7441151070065836039',1734064609450,'2024-12-13 04:36:49','completed','2024-12-13 04:36:49','{\"msg\": \"\", \"code\": 0}',5,NULL),('chatcmpl-AdrvJD5lBRLF25fVVvjt0rE4JanFP','7441151070065836039',1734065438714,'2024-12-13 04:50:38','completed','2024-12-13 04:50:38','{\"msg\": \"\", \"code\": 0}',5,NULL),('chatcmpl-AdwD4qMJRcsi2qvKUI0iNqNP4jsh8','7441151070065836039',1734081915403,'2024-12-13 09:25:15','completed','2024-12-13 09:25:15','{\"msg\": \"\", \"code\": 0}',5,NULL),('chatcmpl-AdwQnKHtUNBIfvouSTIv56XIMTjYs','7441151070065836039',1734082776791,'2024-12-13 09:39:36','completed','2024-12-13 09:39:36','{\"msg\": \"\", \"code\": 0}',5,NULL),('chatcmpl-AfHKKVDetcojD1IoNNs7iB3SbigpT','7441151070065836039',1734401416237,'2024-12-17 02:10:16','completed','2024-12-17 02:10:16','{\"msg\": \"\", \"code\": 0}',5,NULL),('chatcmpl-AfN2AzgpOAl8UhzpcqyhwJMGgT1aJ','7441151070065836039',1734423364874,'2024-12-17 08:16:04','completed','2024-12-17 08:16:04','{\"msg\": \"\", \"code\": 0}',5,NULL),('chatcmpl-AfN3eJdjYplOvsZ6oBIOPafVbzp5o','7441151070065836039',1734423458308,'2024-12-17 08:17:38','completed','2024-12-17 08:17:38','{\"msg\": \"\", \"code\": 0}',5,NULL),('chatcmpl-AfN5HBdohrJc7Xl9fxwus34UlF4yD','7441151070065836039',1734423554981,'2024-12-17 08:19:14','completed','2024-12-17 08:19:14','{\"msg\": \"\", \"code\": 0}',5,NULL),('chatcmpl-Ag7mqnVCwM12S93yfM2Cs0rESG5hk','7441151070065836039',1734603083563,'2024-12-19 10:11:23','completed','2024-12-19 10:11:23','{\"msg\": \"\", \"code\": 0}',5,NULL),('chatcmpl-Ag7mZeOo1fmU09o3nL6KFn9mmmtxZ','7441151070065836039',1734603061270,'2024-12-19 10:11:01','completed','2024-12-19 10:11:01','{\"msg\": \"\", \"code\": 0}',5,NULL),('chatcmpl-Ag7oCu7AVovPXZctJ3kwMuKdkgsBr','7441151070065836039',1734603162482,'2024-12-19 10:12:42','completed','2024-12-19 10:12:42','{\"msg\": \"\", \"code\": 0}',5,NULL),('chatcmpl-Ag7pjYi3rAZALyE7ZP6b6ydLfBtPU','7441151070065836039',1734603269504,'2024-12-19 10:14:29','completed','2024-12-19 10:14:29','{\"msg\": \"\", \"code\": 0}',5,NULL),('chatcmpl-Ag7q54sO6GULhIcVdqmYN9XVn1qKm','7441151070065836039',1734603290040,'2024-12-19 10:14:50','completed','2024-12-19 10:14:50','{\"msg\": \"\", \"code\": 0}',5,NULL),('chatcmpl-Ag7qJPurukHBtniTn6F4ooG7tPNx0','7441151070065836039',1734603289451,'2024-12-19 10:14:49','completed','2024-12-19 10:14:49','{\"msg\": \"\", \"code\": 0}',5,NULL),('chatcmpl-AgAbyEzkxrThHbUAmOxBBN3daA77x','7441151070065836039',1734613943423,'2024-12-19 13:12:23','completed','2024-12-19 13:12:23','{\"msg\": \"\", \"code\": 0}',5,NULL),('chatcmpl-AgRGs716bMkZ8m93Bb78ReU1AL3Ep','7441151070065836039',1734677986561,'2024-12-20 06:59:46','completed','2024-12-20 06:59:46','{\"msg\": \"\", \"code\": 0}',5,'### Giới thiệu Nước Hoa Hồng \"Hoa Nở Không Màu\"\n\n**Khám Phá Vẻ Đẹp Tự Nhiên Từ Nước Hoa Hồng**\n\nChào mừng bạn đến với thế giới của nước hoa hồng \"Hoa Nở Không Màu\", sản phẩm chăm sóc da tuyệt vời, giúp bạn tôn lên vẻ đẹp tự nhiên và sức sống tràn đầy. Với công thức độc quyền từ chiết xuất hoa hồng tinh khiết, sản phẩm của chúng tôi mang đến cho bạn những trải nghiệm tuyệt vời trong mỗi lần sử dụng.\n\n#### **Tại Sao Bạn Nên Chọn Nước Hoa Hồng \"Hoa Nở Không Màu\"?**\n\n- **Chiết Xuất Tự Nhiên**: Chúng tôi sử dụng hoa hồng tươi ngon nhất, không chứa hóa chất độc hại, đảm bảo an toàn cho mọi loại da, kể cả da nhạy cảm.\n  \n- **Công Dụng Tuyệt Vời**: Nước hoa hồng giúp cân bằng độ pH, làm sạch sâu lỗ chân lông, thu nhỏ lỗ chân lông, và cung cấp độ ẩm cần thiết cho làn da. Bạn sẽ cảm nhận được làn da mềm mại, mịn màng ngay sau lần đầu sử dụng.\n\n- **Thư Giãn và Tươi Mát**: Hương thơm nhẹ nhàng từ hoa hồng sẽ mang đến cho bạn cảm giác thư giãn, xua tan mọi căng thẳng sau một ngày dài.\n\n#### **Cảm Nhận Khách Hàng**\n\n“Sau khi sử dụng nước hoa hồng \'Hoa Nở Không Màu\', làn da tôi trở nên mịn màng và rạng rỡ hơn bao giờ hết. Tôi thực sự yêu thích sản phẩm này!” - **Nguyễn Thị Hoa**\n\n#### **Cách Sử Dụng Đơn Giản**\n\n1. Làm sạch da mặt bằng sữa rửa mặt.\n2. Dùng bông tẩy trang thấm một lượng nước hoa hồng vừa đủ.\n3. Vỗ nhẹ nhàng lên da mặt và cổ để tinh chất thẩm thấu tốt nhất.\n4. Sử dụng hàng ngày để đạt hiệu quả tốt nhất.\n\n#### **Khuyến Mãi Hấp Dẫn**\n\nĐừng bỏ lỡ cơ hội sở hữu làn da hoàn hảo! Đặt hàng ngay hôm nay để nhận ưu đãi 20% cho lần mua đầu tiên. Kèm theo đó là quà tặng bất ngờ cho 50 khách hàng đầu tiên!\n\n#### **Hãy Hành Động Ngay!**\n\nTham gia cùng hàng triệu khách hàng đã trải nghiệm nước hoa hồng \"Hoa Nở Không Màu\". Nhấn vào nút \"Đặt Hàng Ngay\" để biến ước mơ về một làn da khỏe mạnh và rạng rỡ thành hiện thực!\n\n---\n\n**Lưu ý**: Sản phẩm không dành cho những người bị dị ứng với thành phần của nước hoa hồng. Hãy kiểm tra kỹ trước khi sử dụng.\n\n### **Đặt Hàng Ngay!**\n\n[**Đặt Hàng Ngay**] \n\n---\n\nVới nội dung hấp dẫn, dễ đọc và chuẩn SEO, landing page này sẽ thu hút khách hàng và khuyến khích họ hành động ngay lập tức. Bạn có thể thêm hình ảnh sản phẩm và các đánh giá từ khách hàng để tăng tính hấp dẫn cho trang.'),('chatcmpl-AgRqN2NCDHqqSiCK2uxBz8R3uMQwK','7441151070065836039',1734680183375,'2024-12-20 07:36:23','completed','2024-12-20 07:36:23','{\"msg\": \"\", \"code\": 0}',5,NULL),('chatcmpl-AgS63kQNy5Prk8DcaZQ4a56mnKzyj','7441151070065836039',1734681147589,'2024-12-20 07:52:27','completed','2024-12-20 07:52:27','{\"msg\": \"\", \"code\": 0}',5,NULL),('chatcmpl-AgS6CeYOInkOf9eCiXj06uk4FC5ie','7441151070065836039',1734681185615,'2024-12-20 07:53:05','completed','2024-12-20 07:53:05','{\"msg\": \"\", \"code\": 0}',5,NULL),('chatcmpl-AgS9QHXbd28sHB0CbB8KL5bAIJ05p','7441151070065836039',1734681351887,'2024-12-20 07:55:51','completed','2024-12-20 07:55:51','{\"msg\": \"\", \"code\": 0}',5,'Hello everyone.'),('chatcmpl-AgSLVb7S1p1BwN4EqCGSNYy8aAXFd','7441151070065836039',1734682106767,'2024-12-20 08:08:26','completed','2024-12-20 08:08:26','{\"msg\": \"\", \"code\": 0}',5,'? **Khám Phá Nước Hoa Hồng - Bí Quyết Cho Làn Da Rạng Rỡ!** ?\n\nChào các tín đồ làm đẹp! Bạn có biết rằng nước hoa hồng không chỉ là một sản phẩm dưỡng da mà còn là một bước quan trọng trong quy trình chăm sóc da hàng ngày? Với công thức chiết xuất tự nhiên, nước hoa hồng của chúng tôi giúp làm sạch sâu, thu nhỏ lỗ chân lông và cân bằng độ pH cho da, mang lại cảm giác tươi mới và mềm mại.\n\n? **Lợi ích nổi bật:**\n- **Giảm nhờn và ngăn ngừa mụn:** Giúp kiểm soát dầu thừa, giảm thiểu tình trạng mụn trứng cá.\n- **Dưỡng ẩm hoàn hảo:** Cung cấp độ ẩm cần thiết, nuôi dưỡng làn da từ sâu bên trong.\n- **Tăng cường sức sống cho da:** Mang lại vẻ đẹp rạng rỡ, tự nhiên.\n\nHãy để nước hoa hồng trở thành người bạn đồng hành đáng tin cậy trong hành trình chăm sóc sắc đẹp của bạn! ✨\n\n? **Đặt hàng ngay hôm nay và trải nghiệm sự khác biệt!** ? #NuocHoaHong #ChamSocDa #LamDep\n\n--- \n\nChúc bạn có một ngày tuyệt vời! ?'),('chatcmpl-AgTBxs8jiVoeBI0c7k3j3qqGVdyr5','7441151070065836039',1734685364951,'2024-12-20 09:02:44','completed','2024-12-20 09:02:44','{\"msg\": \"\", \"code\": 0}',5,'# Súng Đồ Chơi: Niềm Vui và Sáng Tạo Cho Trẻ Em\n\nTrong thế giới đồ chơi hiện đại, **súng đồ chơi** luôn là một trong những lựa chọn phổ biến nhất cho trẻ em. Không chỉ mang lại niềm vui, mà còn kích thích sự sáng tạo và khả năng giao tiếp của trẻ. Bên cạnh đó, những món đồ chơi này còn giúp trẻ rèn luyện kỹ năng xã hội thông qua các trò chơi nhóm. Trong bài viết này, chúng ta sẽ tìm hiểu về súng đồ chơi và cách để lựa chọn sản phẩm an toàn, phù hợp cho trẻ.\n\n## Lợi Ích Của Súng Đồ Chơi\n\n1. **Khuyến khích sự sáng tạo**: Trẻ em có thể tưởng tượng ra nhiều kịch bản khác nhau khi chơi với súng đồ chơi. Điều này giúp phát triển khả năng sáng tạo và tư duy logic của trẻ.\n\n2. **Rèn luyện kỹ năng xã hội**: Khi chơi cùng bạn bè, trẻ học cách tương tác và làm việc nhóm. Đây là những kỹ năng quan trọng giúp trẻ tự tin hơn trong giao tiếp.\n\n3. **Giải tỏa căng thẳng**: Chơi với đồ chơi, đặc biệt là súng đồ chơi, có thể giúp trẻ giải tỏa năng lượng và căng thẳng sau những giờ học tập căng thẳng.\n\n## Lựa Chọn Súng Đồ Chơi An Toàn\n\nKhi mua súng đồ chơi cho trẻ, cha mẹ cần lưu ý một số điều sau để đảm bảo an toàn:\n\n- **Chất liệu**: Nên chọn súng làm từ nhựa an toàn, không chứa hóa chất độc hại. Điều này giúp bảo vệ sức khỏe của trẻ.\n\n- **Độ tuổi**: Hãy chú ý đến độ tuổi khuyến nghị trên bao bì sản phẩm. Một số súng đồ chơi có thể không phù hợp với trẻ nhỏ.\n\n- **Thiết kế**: Chọn những mẫu súng có thiết kế mềm mại, không có góc cạnh sắc nhọn để tránh gây thương tích cho trẻ.\n\n## Kết Hợp Súng Đồ Chơi Với Các Hoạt Động Khác\n\nNgoài việc chơi một mình, cha mẹ có thể khuyến khích trẻ kết hợp súng đồ chơi với các hoạt động khác như tổ chức trò chơi hóa trang hoặc tham gia các buổi tiệc sinh nhật. Ví dụ, với chủ đề \"Hoa 7 màu\", bạn có thể tổ chức một buổi tiệc ngoài trời với trang trí đầy màu sắc, nơi trẻ có thể thỏa sức chơi đùa và sáng tạo. Những trò chơi này không chỉ giúp trẻ có những kỷ niệm đẹp mà còn phát triển khả năng giao tiếp và hợp tác.\n\n## Kết Luận\n\n**Súng đồ chơi** không chỉ đơn thuần là một món đồ chơi mà còn mang đến nhiều lợi ích cho sự phát triển toàn diện của trẻ. Bằng cách lựa chọn sản phẩm an toàn và kết hợp với các hoạt động sáng tạo, cha mẹ có thể giúp trẻ có những trải nghiệm chơi đùa thú vị và bổ ích. Hãy để trẻ thỏa sức khám phá và sáng tạo cùng súng đồ chơi, mang lại niềm vui và hạnh phúc trong từng khoảnh khắc.'),('chatcmpl-AhobbHAgtbbtctYeB5ctpqHtTS1dH','7441151070065836039',1735006005602,'2024-12-24 02:06:45','completed','2024-12-24 02:06:45','{\"msg\": \"\", \"code\": 0}',5,'**Tiêu đề: Tìm Hiểu Về Súng Đồ Chơi và Hoa 7 Màu - Sự Kết Hợp Hoàn Hảo Cho Trẻ Em**\n\n**Giới thiệu**\n\nTrong thế giới đồ chơi phong phú hiện nay, **súng đồ chơi** là một trong những món đồ được trẻ em yêu thích nhất. Không chỉ mang lại niềm vui và sự phấn khích, súng đồ chơi còn giúp trẻ phát triển khả năng tư duy và sáng tạo. Trong bài viết này, chúng ta sẽ cùng tìm hiểu về súng đồ chơi và sự kết hợp thú vị với “**hoa 7 màu**” – một trong những món đồ chơi trang trí đầy màu sắc.\n\n**1. Súng Đồ Chơi - Món Quà Tuyệt Vời Cho Trẻ Em**\n\nSúng đồ chơi đã trở thành một phần không thể thiếu trong bộ sưu tập đồ chơi của trẻ em. Không chỉ đơn thuần là những món đồ chơi, súng đồ chơi còn giúp trẻ em rèn luyện kỹ năng xã hội thông qua các trò chơi nhóm. Trẻ có thể học cách giao tiếp, hợp tác và phát triển khả năng lãnh đạo khi tham gia các trò chơi chiến đấu giả tưởng.\n\n**2. Hoa 7 Màu - Điểm Nhấn Độc Đáo Cho Trải Nghiệm Chơi**\n\nKhi kết hợp súng đồ chơi với **hoa 7 màu**, trẻ em sẽ có một trải nghiệm chơi thú vị hơn bao giờ hết. Hoa 7 màu không chỉ là một món đồ trang trí bắt mắt mà còn có thể được sử dụng trong các trò chơi giả tưởng. Trẻ em có thể tạo ra những câu chuyện hấp dẫn, nơi súng đồ chơi và hoa 7 màu tạo thành một khung cảnh sống động, kích thích trí tưởng tượng của trẻ.\n\n**3. Lợi Ích Của Việc Chơi Với Súng Đồ Chơi Và Hoa 7 Màu**\n\n- **Phát Triển Tư Duy Sáng Tạo**: Sự kết hợp giữa súng đồ chơi và hoa 7 màu giúp trẻ tự do sáng tạo ra nhiều kịch bản khác nhau, từ đó nâng cao khả năng tư duy và tưởng tượng.\n- **Kỹ Năng Xã Hội**: Khi tham gia vào các trò chơi nhóm, trẻ sẽ học được cách làm việc nhóm, giao tiếp và chia sẻ với bạn bè.\n- **Giải Trí và Thư Giãn**: Chơi với súng đồ chơi và hoa 7 màu mang lại niềm vui, giúp trẻ giải tỏa căng thẳng và tạo ra những khoảnh khắc vui vẻ bên gia đình và bạn bè.\n\n**Kết Luận**\n\nSúng đồ chơi và hoa 7 màu không chỉ đơn thuần là đồ chơi mà còn là những công cụ tuyệt vời giúp trẻ phát triển về mặt tư duy, kỹ năng xã hội và sự sáng tạo. Việc khuyến khích trẻ em chơi với những món đồ này sẽ mang lại nhiều lợi ích cho sự phát triển toàn diện của trẻ. Hãy để trẻ em tự do khám phá thế giới xung quanh qua những trò chơi thú vị và sáng tạo!\n\nHy vọng bài viết này đã mang lại cho bạn cái nhìn mới mẻ về súng đồ chơi và hoa 7 màu. Hãy để trẻ em có những trải nghiệm thú vị và bổ ích với những món đồ chơi đầy màu sắc này!'),('chatcmpl-AhobJwZXdRANjC6a4tIElBRg5yPBP','7441151070065836039',1735005987605,'2024-12-24 02:06:27','completed','2024-12-24 02:06:27','{\"msg\": \"\", \"code\": 0}',5,'**Tiêu đề: Súng Đồ Chơi - Trò Chơi Thú Vị Cho Trẻ Em và Hoa 7 Màu**\n\n**Giới thiệu**\n\nSúng đồ chơi là một trong những món đồ chơi phổ biến và được yêu thích nhất trong giới trẻ. Với thiết kế sáng tạo và tính năng thú vị, súng đồ chơi không chỉ mang lại niềm vui cho trẻ em mà còn giúp phát triển tư duy và kỹ năng xã hội. Trong bài viết này, chúng ta sẽ khám phá thêm về súng đồ chơi, đặc biệt là những sản phẩm kết hợp với hoa 7 màu - một biểu tượng của niềm vui và sự tươi sáng.\n\n**Súng Đồ Chơi - Trò Chơi Sáng Tạo**\n\nSúng đồ chơi hiện nay có nhiều loại khác nhau, từ súng nước, súng bắn bóng cho đến súng bắn đạn nhựa. Mỗi loại súng đều mang lại những trải nghiệm độc đáo cho trẻ. Khi chơi với súng đồ chơi, trẻ không chỉ vui vẻ mà còn học được cách giao tiếp, hợp tác với bạn bè trong các trò chơi nhóm. \n\nTuy nhiên, khi chọn súng đồ chơi cho trẻ, cha mẹ cần lưu ý đến độ tuổi và tính an toàn của sản phẩm. Những súng đồ chơi chất lượng, được làm từ vật liệu an toàn sẽ đảm bảo trẻ em có những giờ phút vui chơi thoải mái mà không lo ngại về sức khỏe.\n\n**Hoa 7 Màu - Biểu Tượng Của Niềm Vui**\n\nHoa 7 màu không chỉ là một hình ảnh đẹp mắt mà còn mang ý nghĩa sâu sắc trong cuộc sống. Với sắc màu rực rỡ, hoa 7 màu thường được sử dụng trong các hoạt động vui chơi, lễ hội và trang trí. Khi kết hợp với súng đồ chơi, hoa 7 màu có thể tạo nên những trò chơi thú vị và sáng tạo hơn. Ví dụ, trẻ em có thể tham gia những cuộc thi bắn hoa 7 màu, giúp tăng cường sự cạnh tranh lành mạnh và tinh thần đồng đội.\n\n**Cách Chọn Mua Súng Đồ Chơi Kết Hợp Hoa 7 Màu**\n\nKhi lựa chọn súng đồ chơi kết hợp với hoa 7 màu, bạn nên xem xét những yếu tố sau:\n\n1. **Chất lượng sản phẩm**: Chọn súng đồ chơi từ những thương hiệu uy tín để đảm bảo an toàn cho trẻ.\n2. **Thiết kế hấp dẫn**: Những mẫu súng có màu sắc bắt mắt và thiết kế sáng tạo sẽ thu hút trẻ em hơn.\n3. **Giá cả hợp lý**: So sánh giá cả giữa các sản phẩm để tìm ra lựa chọn tốt nhất cho ngân sách của bạn.\n\n**Kết Luận**\n\nSúng đồ chơi không chỉ mang lại niềm vui mà còn giúp trẻ em phát triển nhiều kỹ năng quan trọng. Kết hợp với hoa 7 màu, các trò chơi sẽ trở nên sinh động và thú vị hơn. Hãy để trẻ em thỏa sức sáng tạo và vui chơi với súng đồ chơi trong những ngày hè tươi đẹp nhé!\n\nHy vọng bài viết này đã cung cấp cho bạn những thông tin hữu ích về súng đồ chơi và hoa 7 màu. Nếu bạn có bất kỳ câu hỏi nào, đừng ngần ngại để lại ý kiến dưới bài viết này!'),('chatcmpl-AhocwtwmQLqcr4Vf5N2Z6biGBC2hQ','7441151070065836039',1735006079540,'2024-12-24 02:07:59','completed','2024-12-24 02:07:59','{\"msg\": \"\", \"code\": 0}',5,'Hello Vietnam, who am I?'),('chatcmpl-AhoeswNSje8NMC3odrwGEcq2KHhMu','7441151070065836039',1735006210171,'2024-12-24 02:10:10','completed','2024-12-24 02:10:10','{\"msg\": \"\", \"code\": 0}',5,'**Tiêu đề: Khám Phá Nước Hoa Hồng Hoa 7 Màu - Bí Quyết Làn Da Rạng Ngời!**\n\n**Mô tả ngắn:**  \nTìm kiếm sản phẩm chăm sóc da hoàn hảo? Nước hoa hồng Hoa 7 Màu không chỉ mang lại làn da tươi sáng, mịn màng mà còn đem đến hương thơm nhẹ nhàng, thư giãn. Hãy để làn da bạn được chăm sóc từ thiên nhiên!\n\n---\n\n**Giới thiệu sản phẩm:**  \nNước hoa hồng Hoa 7 Màu là sự kết hợp hoàn hảo của 7 loại hoa tự nhiên, mang đến lợi ích vượt trội cho làn da của bạn. Với chiết xuất từ hoa hồng, hoa nhài, hoa cúc, hoa lavender, hoa cam, hoa anh đào và hoa violet, sản phẩm không chỉ giúp làm sạch, cân bằng độ pH mà còn cung cấp độ ẩm cần thiết cho da.\n\n**Tại sao bạn nên chọn Nước Hoa Hồng Hoa 7 Màu?**\n\n1. **Chăm sóc da tự nhiên:**  \n   Sản phẩm được chiết xuất hoàn toàn từ thiên nhiên, không chứa hóa chất độc hại, an toàn cho mọi loại da.\n\n2. **Giúp se khít lỗ chân lông:**  \n   Nước hoa hồng Hoa 7 Màu giúp làm sạch sâu, loại bỏ bụi bẩn và dầu thừa, từ đó se khít lỗ chân lông hiệu quả.\n\n3. **Cung cấp độ ẩm:**  \n   Với công thức chứa các thành phần chiết xuất từ hoa tự nhiên, sản phẩm giúp cung cấp độ ẩm cho da, mang lại cảm giác mượt mà, mềm mại.\n\n4. **Hương thơm dịu nhẹ:**  \n   Hương thơm từ các loại hoa tự nhiên không chỉ giúp thư giãn mà còn tạo cảm giác dễ chịu, giúp bạn bắt đầu một ngày mới tràn đầy năng lượng.\n\n**Hướng dẫn sử dụng:**  \n- Sau khi rửa mặt sạch, hãy dùng bông cotton thấm nước hoa hồng và nhẹ nhàng lau đều lên mặt và cổ.\n- Sử dụng 2 lần/ngày để có kết quả tốt nhất.\n\n**Khuyến mãi đặc biệt:**  \nĐặt hàng ngay hôm nay để nhận được **giảm giá 20%** cho đơn hàng đầu tiên! Chỉ cần nhập mã: **HOA7MÀU** khi thanh toán. Đừng bỏ lỡ cơ hội sở hữu làn da rạng rỡ!\n\n**Đánh giá từ khách hàng:**  \n*\"Sau khi sử dụng Nước Hoa Hồng Hoa 7 Màu, làn da tôi trở nên mềm mại và khỏe mạnh hơn hẳn. Hương thơm rất dễ chịu!\"* - **Nguyễn Thị Lan**\n\n---\n\n**Hãy hành động ngay!**  \nTruy cập [Link sản phẩm] để đặt hàng và trải nghiệm sản phẩm tuyệt vời này! Làn da rạng ngời đang chờ đón bạn!\n\n---\n\n**Tối ưu SEO:**  \n- Từ khóa chính: Nước hoa hồng, nước hoa hồng Hoa 7 Màu, chăm sóc da, làm đẹp tự nhiên.\n- Từ khóa phụ: se khít lỗ chân lông, cung cấp độ ẩm, sản phẩm thiên nhiên.\n\n**Liên hệ với chúng tôi:**  \n- Website: [Link website]  \n- Hotline: [Số điện thoại]  \n- Email: [Địa chỉ email]  \n\n---\n\nChúng tôi cam kết mang đến sản phẩm chất lượng tốt nhất cho bạn! Hãy để Nước Hoa Hồng Hoa 7 Màu trở thành người bạn đồng hành trong hành trình chăm sóc sắc đẹp của bạn.'),('chatcmpl-AhofOXbEy41J8phO00QrCeGnevqNn','7441151070065836039',1735006255362,'2024-12-24 02:10:55','completed','2024-12-24 02:10:55','{\"msg\": \"\", \"code\": 0}',5,'### Nước Hoa: Khám Phá Vẻ Đẹp Từ Hoa 7 Màu\n\nTrong thế giới của nước hoa, mỗi loại nước hoa đều mang trong mình một câu chuyện riêng. Một trong những dòng nước hoa đặc biệt và được yêu thích hiện nay chính là nước hoa 7 màu. Vậy nước hoa 7 màu có gì đặc biệt? Hãy cùng khám phá nhé!\n\n#### Nước Hoa 7 Màu Là Gì?\n\nNước hoa 7 màu là loại nước hoa được chiết xuất từ các loại hoa thiên nhiên, mang đến hương thơm đa dạng và phong phú. Sự kết hợp của bảy sắc hoa không chỉ tạo ra một hương thơm độc đáo mà còn mang ý nghĩa tượng trưng cho sự đa dạng và phong phú trong cuộc sống. Mỗi màu sắc của hoa đều mang một thông điệp riêng, từ tình yêu đến sự tươi mới, từ sự bình yên đến niềm vui.\n\n#### Tại Sao Nên Chọn Nước Hoa 7 Màu?\n\n1. **Hương Thơm Độc Đáo**: Với sự pha trộn hoàn hảo từ các loại hoa, nước hoa 7 màu mang lại hương thơm tinh tế, dễ chịu và phù hợp với nhiều dịp khác nhau.\n   \n2. **Tác Dụng Tinh Thần**: Hương thơm từ thiên nhiên không chỉ giúp bạn cảm thấy thoải mái hơn mà còn có tác dụng thư giãn, giảm stress hiệu quả.\n   \n3. **Phong Cách Thời Trang**: Nước hoa 7 màu không chỉ là một sản phẩm làm đẹp mà còn là một phần không thể thiếu trong phong cách cá nhân của bạn. Nó giúp bạn tự tin hơn khi giao tiếp và tạo ấn tượng tốt với người khác.\n\n#### Cách Chọn Nước Hoa 7 Màu Phù Hợp\n\nKhi lựa chọn nước hoa 7 màu, bạn nên lưu ý đến những yếu tố sau:\n\n- **Thành Phần Hương Thơm**: Hãy tìm hiểu về các thành phần trong nước hoa, từ đó chọn loại phù hợp với sở thích và tính cách của mình.\n  \n- **Thời Gian Sử Dụng**: Một số loại nước hoa phù hợp cho ban ngày, trong khi những loại khác lại thích hợp cho buổi tối hay các sự kiện đặc biệt.\n\n- **Thử Nghiệm Trước Khi Mua**: Nếu có thể, hãy thử nước hoa trên cơ thể bạn trước khi quyết định mua. Mùi hương có thể thay đổi khi tiếp xúc với da.\n\n#### Kết Luận\n\nNước hoa 7 màu không chỉ đơn thuần là một sản phẩm làm đẹp mà còn là một phần của cuộc sống, mang đến cho bạn cảm giác tươi mới và tự tin. Hãy khám phá và tìm cho mình một chai nước hoa 7 màu phù hợp để thêm phần rực rỡ cho cuộc sống hàng ngày của bạn. Nếu bạn đang tìm kiếm một món quà ý nghĩa cho người thân, nước hoa 7 màu chắc chắn sẽ là một lựa chọn tuyệt vời!\n\nHy vọng rằng bài viết này đã cung cấp cho bạn những thông tin hữu ích về nước hoa 7 màu. Đừng ngần ngại chia sẻ bài viết này với bạn bè và người thân nếu bạn thấy nó thú vị!'),('chatcmpl-Ahoh9G8QcQ7RF9WAui7QhkQ3F9795','7441151070065836039',1735006351905,'2024-12-24 02:12:31','completed','2024-12-24 02:12:31','{\"msg\": \"\", \"code\": 0}',5,'# Nước Hoa: Hương Thơm Từ Hoa Nỡ\n\nNước hoa không chỉ đơn thuần là một sản phẩm làm đẹp, mà còn là một phần quan trọng trong việc thể hiện phong cách cá nhân và tạo ấn tượng trong giao tiếp. Trong bài viết này, chúng ta sẽ khám phá thế giới nước hoa, đặc biệt là những sản phẩm mang hương thơm từ hoa nỡ – một loại hoa tinh tế và quyến rũ.\n\n## Nước Hoa Là Gì?\n\nNước hoa là một hỗn hợp các hợp chất hương liệu được chiết xuất từ thiên nhiên hoặc tổng hợp, được sử dụng để tạo ra mùi hương dễ chịu cho cơ thể. Mỗi loại nước hoa đều mang một câu chuyện riêng, thể hiện cảm xúc, tâm trạng và phong cách của người sử dụng. Trong đó, nước hoa chiết xuất từ hoa nỡ đang trở thành một xu hướng mới, thu hút sự chú ý của nhiều tín đồ yêu thích cái đẹp.\n\n## Hoa Nỡ – Biểu Tượng Của Sự Tươi Mát và Quyến Rũ\n\nHoa nỡ không chỉ đẹp mà còn mang trong mình hương thơm ngọt ngào và quyến rũ. Với những cánh hoa mềm mại, màu sắc tươi sáng, hoa nỡ thường được sử dụng để chiết xuất tinh dầu làm nước hoa. Hương thơm từ hoa nỡ thường mang lại cảm giác tươi mới, giúp người dùng cảm thấy thoải mái và tự tin hơn trong giao tiếp hàng ngày.\n\n### Tác Dụng Của Nước Hoa Từ Hoa Nỡ\n\n1. **Tạo Ấn Tượng Tích Cực**: Hương thơm từ nước hoa có thể tạo ra một ấn tượng mạnh mẽ đối với người đối diện. Một mùi hương dễ chịu sẽ khiến bạn trở nên thu hút hơn và tạo cảm giác thân thiện cho người xung quanh.\n\n2. **Thể Hiện Phong Cách Cá Nhân**: Nước hoa không chỉ là một sản phẩm làm đẹp mà còn là một phần không thể thiếu trong việc xây dựng hình ảnh cá nhân. Việc chọn lựa nước hoa chiết xuất từ hoa nỡ giúp bạn thể hiện được gu thẩm mỹ và phong cách riêng biệt.\n\n3. **Tăng Cường Tâm Trạng**: Hương thơm từ hoa nỡ không chỉ mang lại cảm giác thư giãn mà còn giúp cải thiện tâm trạng. Một mùi hương dễ chịu có thể giúp bạn cảm thấy vui vẻ và năng động hơn trong cuộc sống hàng ngày.\n\n## Ai Ai Cũng Có Thể Tìm Được Nước Hoa Phù Hợp\n\nMột trong những điều thú vị về nước hoa là sự đa dạng trong lựa chọn. Ai ai cũng có thể tìm cho mình một loại nước hoa phù hợp với sở thích và phong cách cá nhân. Dù bạn là người yêu thích sự nhẹ nhàng, tươi mới hay quyến rũ, mạnh mẽ, thị trường nước hoa hiện nay đều có những sản phẩm đáp ứng nhu cầu của bạn.\n\n### Lời Kết\n\nNước hoa từ hoa nỡ không chỉ mang lại hương thơm quyến rũ mà còn là một phần không thể thiếu trong việc tạo dựng phong cách cá nhân. Hãy để những giọt nước hoa từ hoa nỡ làm bừng sáng cuộc sống của bạn, giúp bạn tự tin và thu hút hơn trong mọi khoảnh khắc. Chọn cho mình một mùi hương phù hợp và hãy để hương thơm ấy nói lên câu chuyện của chính bạn!'),('chatcmpl-AhojFJllcsboMx5drHIuxtZZ9g5E2','7441151070065836039',1735006482465,'2024-12-24 02:14:42','completed','2024-12-24 02:14:42','{\"msg\": \"\", \"code\": 0}',5,'# Nước Hoa: Tạo Dấu Ấn Với Hương Thơm Từ Hoa Nỡ\n\nNước hoa không chỉ là một sản phẩm làm đẹp mà còn là nghệ thuật thể hiện cá tính và phong cách sống của mỗi người. Trong thế giới nước hoa, hương thơm từ hoa nỡ đã và đang thu hút sự chú ý của nhiều tín đồ yêu thích sự tinh tế và lãng mạn. Bài viết này sẽ khám phá về nước hoa và vai trò của hoa nỡ trong việc tạo nên những hương thơm đặc biệt.\n\n## 1. Nước Hoa: Hương Thơm Gắn Kết Cảm Xúc\n\nNước hoa là một hỗn hợp của các tinh chất tự nhiên và nhân tạo, tạo ra một hương thơm độc đáo. Hương thơm từ nước hoa có thể gợi nhớ đến những kỷ niệm, cảm xúc và thậm chí là tạo ra sự cuốn hút trong giao tiếp hàng ngày. Hương hoa nỡ mang lại sự tươi mới, thanh lịch, giúp người sử dụng tự tin hơn.\n\n## 2. Hoa Nỡ: Biểu Tượng Của Sự Tươi Mát\n\nHoa nỡ không chỉ đẹp mà còn mang lại nhiều ý nghĩa sâu sắc. Trong văn hóa Việt Nam, hoa nỡ thường được coi là biểu tượng của sự tươi mát, thanh khiết và tình yêu trong sáng. Các loại hoa như hoa nhài, hoa hồng, hay hoa lan đều có thể được chiết xuất để làm nước hoa, tạo nên những hương thơm hấp dẫn và quyến rũ.\n\n## 3. Cách Chọn Nước Hoa Hương Hoa Nỡ\n\nKhi lựa chọn nước hoa, bạn nên chú ý đến các yếu tố như:\n\n- **Thành phần**: Kiểm tra xem nước hoa có chứa chiết xuất từ hoa nỡ không. Điều này sẽ đảm bảo rằng bạn đang sở hữu một sản phẩm chất lượng, mang lại hương thơm tự nhiên.\n  \n- **Mùi hương**: Hương hoa nỡ thường có sự thanh thoát, nhẹ nhàng. Hãy thử nghiệm trước khi mua để đảm bảo rằng hương thơm phù hợp với sở thích cá nhân.\n\n- **Thời gian sử dụng**: Nước hoa có thể có độ lưu hương khác nhau. Hãy chọn loại có khả năng lưu hương lâu nếu bạn muốn giữ hương thơm suốt cả ngày.\n\n## 4. Cách Sử Dụng Nước Hoa Đúng Cách\n\nĐể nước hoa phát huy tối đa hiệu quả, bạn nên:\n\n- **Xịt nước hoa vào những điểm nóng**: Những điểm như cổ tay, sau tai, và sau gáy là những nơi giúp hương thơm lan tỏa tốt nhất.\n\n- **Sử dụng sau khi tắm**: Khi cơ thể còn ẩm, nước hoa sẽ dễ dàng thẩm thấu và lưu hương lâu hơn.\n\n- **Không xịt quá nhiều**: Một vài lần xịt nhẹ là đủ để tạo nên hương thơm quyến rũ mà không gây khó chịu cho người xung quanh.\n\n## 5. Kết Luận\n\nNước hoa không chỉ đơn thuần là một sản phẩm làm đẹp mà còn là một phần không thể thiếu trong cuộc sống của nhiều người. Hương thơm từ hoa nỡ mang lại sự tươi mới, thanh nhã, giúp bạn khẳng định bản thân. Hãy chọn cho mình một loại nước hoa phù hợp để tôn vinh vẻ đẹp và cá tính của bạn.\n\nHy vọng rằng bài viết này đã cung cấp cho bạn những thông tin hữu ích và giúp bạn hiểu rõ hơn về nước hoa và vai trò của hoa nỡ trong việc tạo nên những hương thơm tuyệt vời. Hãy để hương hoa nỡ trở thành một phần không thể thiếu trong cuộc sống của bạn!'),('chatcmpl-AhonUmY0efSibmOozTyCtsnOHCM3O','7441151070065836039',1735006749615,'2024-12-24 02:19:09','completed','2024-12-24 02:19:09','{\"msg\": \"\", \"code\": 0}',5,'# Súng Đồ Chơi: ĐI Nào Khám Phá Thế Giới Vui Chơi Đầy Màu Sắc\n\nTrong thế giới đồ chơi đa dạng hiện nay, **súng đồ chơi** là một trong những món đồ được yêu thích nhất, không chỉ ở trẻ em mà còn ở những người đam mê sưu tầm. Chúng không chỉ mang lại những giây phút giải trí mà còn kích thích trí tưởng tượng và sự sáng tạo của trẻ nhỏ. Hãy cùng khám phá những điều thú vị về súng đồ chơi và những lợi ích mà chúng mang lại nhé!\n\n## Lợi Ích Của Súng Đồ Chơi\n\n### Khuyến Khích Tinh Thần Đội Nhóm\n\nKhi trẻ em chơi với **súng đồ chơi**, chúng thường tham gia vào các trò chơi đồng đội, từ đó giúp phát triển kỹ năng giao tiếp và làm việc nhóm. Chơi cùng nhau không chỉ mang lại niềm vui mà còn tạo cơ hội cho trẻ học hỏi cách hợp tác và giải quyết vấn đề.\n\n### Kích Thích Trí Tưởng Tượng\n\nSúng đồ chơi giúp trẻ em thỏa sức sáng tạo với các kịch bản khác nhau. Chúng có thể trở thành các nhân vật yêu thích trong phim hành động hoặc tham gia vào các cuộc phiêu lưu kỳ thú. Điều này không chỉ giúp trẻ em giải trí mà còn phát triển khả năng tư duy sáng tạo.\n\n### An Toàn và Thú Vị\n\nSo với các loại súng thật, **súng đồ chơi** được thiết kế an toàn, giúp giảm thiểu nguy cơ gây ra thương tích. Những món đồ này thường được làm từ nhựa nhẹ, có màu sắc bắt mắt và không gây hại cho sức khỏe của trẻ. Bố mẹ có thể hoàn toàn yên tâm khi cho trẻ chơi với chúng.\n\n## Hoa Nỡ: Một Món Đồ Chơi Độc Đáo\n\nTrong thế giới đồ chơi, bên cạnh súng đồ chơi, còn có nhiều món đồ thú vị khác, trong đó có **Hoa nỡ**. Đây là một loại đồ chơi giúp trẻ em khám phá thiên nhiên và học hỏi về các loài hoa. Sự kết hợp giữa súng đồ chơi và Hoa nỡ có thể tạo ra những trải nghiệm chơi đùa phong phú và đa dạng hơn.\n\n## ĐI Nào Tham Gia Những Cuộc Phiêu Lưu\n\nHãy để trẻ em của bạn **đi nào** và khám phá thế giới đầy màu sắc của **súng đồ chơi** và **Hoa nỡ**. Bạn có thể tổ chức những buổi chơi ngoài trời, nơi trẻ có thể thoải mái chạy nhảy, sáng tạo và kết nối với thiên nhiên. Điều này không chỉ giúp trẻ vui vẻ mà còn tạo ra những kỷ niệm đẹp trong tuổi thơ.\n\n## Kết Luận\n\nSúng đồ chơi không chỉ đơn thuần là một món đồ chơi, mà còn là một công cụ giúp trẻ em phát triển nhiều kỹ năng quan trọng. Hãy khuyến khích trẻ khám phá và sáng tạo với những món đồ chơi này. Đừng quên kết hợp với những món đồ chơi khác như Hoa nỡ để mang lại cho trẻ những trải nghiệm tuyệt vời nhất. Hãy để trẻ em của bạn **đi nào** và tận hưởng những giây phút vui vẻ, ý nghĩa trong cuộc sống!'),('chatcmpl-Ahop34ElNKKEkBOnfhy8LQHVW9neY','7441151070065836039',1735006830064,'2024-12-24 02:20:30','completed','2024-12-24 02:20:30','{\"msg\": \"\", \"code\": 0}',5,'Hello!'),('chatcmpl-AhoRuyCgfbrX1lrPGJwongJ1PbruL','7441151070065836039',1735005403959,'2024-12-24 01:56:43','completed','2024-12-24 01:56:43','{\"msg\": \"\", \"code\": 0}',5,'# Nước Hoa: Tại Sao Hoa 7 Màu Là Sự Lựa Chọn Hoàn Hảo?\n\n## Giới thiệu về nước hoa\n\nNước hoa không chỉ đơn thuần là một sản phẩm giúp tạo hương thơm cho cơ thể mà còn mang lại những trải nghiệm tinh tế và sâu sắc. Với sự phát triển của ngành công nghiệp nước hoa, chúng ta hiện nay có một loạt các loại nước hoa đa dạng. Trong số đó, nước hoa có hương hoa 7 màu đang trở thành một trong những lựa chọn được ưa chuộng nhất.\n\n## Nước hoa hoa 7 màu: Hương thơm của sự sống\n\n### 1. Hoa 7 màu là gì?\n\nHoa 7 màu không chỉ là một loại hoa đẹp mà còn mang trong mình nhiều ý nghĩa sâu sắc. Tượng trưng cho sự đa dạng và phong phú của cuộc sống, hoa 7 màu thường được dùng để tạo ra những sản phẩm nước hoa độc đáo, mang lại cảm giác tươi mới và tràn đầy sức sống.\n\n### 2. Tại sao nên chọn nước hoa hoa 7 màu?\n\n- **Hương thơm đa dạng**: Nước hoa hoa 7 màu thường kết hợp nhiều loại hương liệu khác nhau, từ hương hoa nhẹ nhàng đến hương trái cây tươi mát, giúp bạn có được sự lựa chọn phong phú cho từng dịp.\n  \n- **Cảm giác tươi mới**: Hương thơm từ hoa 7 màu mang lại cảm giác thoải mái và dễ chịu, giúp bạn tự tin hơn trong giao tiếp hàng ngày.\n\n- **Phù hợp với mọi lứa tuổi**: Nước hoa hoa 7 màu không chỉ phù hợp cho giới trẻ mà còn là lựa chọn hoàn hảo cho các bậc phụ huynh, giúp họ cảm nhận được sự trẻ trung và năng động.\n\n## Cách chọn nước hoa hoa 7 màu phù hợp\n\n### 1. Xác định phong cách cá nhân\n\nTrước khi chọn nước hoa, hãy xác định phong cách của bạn. Nếu bạn yêu thích sự nhẹ nhàng và nữ tính, những loại nước hoa có hương hoa nhài và hoa hồng sẽ là sự lựa chọn tuyệt vời. Ngược lại, nếu bạn muốn thể hiện sự mạnh mẽ, hãy thử những hương thơm có sự kết hợp của gỗ và citrus.\n\n### 2. Thử trước khi mua\n\nHãy luôn thử nước hoa trên da của bạn trước khi quyết định mua. Mỗi loại nước hoa sẽ có sự biến đổi hương thơm khác nhau tùy thuộc vào nhiệt độ cơ thể và loại da. \n\n### 3. Chọn nơi mua uy tín\n\nĐể đảm bảo chất lượng sản phẩm, bạn nên mua nước hoa tại những cửa hàng uy tín hoặc trực tuyến có đánh giá tốt.\n\n## Kết luận\n\nNước hoa không chỉ là một sản phẩm giúp bạn trở nên thu hút hơn mà còn là cách để bạn thể hiện bản thân. Hoa 7 màu, với sự đa dạng và phong phú của nó, chắc chắn sẽ mang lại cho bạn những trải nghiệm hương thơm tuyệt vời. Hãy chọn cho mình một chai nước hoa hoa 7 màu để cảm nhận sự khác biệt và tỏa sáng trong cuộc sống hàng ngày!\n\n---\n\nHy vọng bài viết này sẽ giúp bạn hiểu rõ hơn về nước hoa và tầm quan trọng của hoa 7 màu trong việc tạo dựng phong cách cá nhân. Hãy để hương thơm đồng hành cùng bạn trên mỗi bước đường!'),('chatcmpl-AhoSgzOb6sPbgvJ1l290BTBsUHmCA','7441151070065836039',1735005443544,'2024-12-24 01:57:23','completed','2024-12-24 01:57:23','{\"msg\": \"\", \"code\": 0}',5,'\"Xin chào\" translates to \"Hello\" in English.'),('chatcmpl-AhoSzi3mtfLLgoGFCPMrr1gUJQt8a','7441151070065836039',1735005472441,'2024-12-24 01:57:52','completed','2024-12-24 01:57:52','{\"msg\": \"\", \"code\": 0}',5,'# Nước Hoa: Sự Dịu Dàng Từ Hoa Nỡ\n\nNước hoa không chỉ đơn thuần là sản phẩm tạo mùi hương, mà còn là một phần không thể thiếu trong cuộc sống hàng ngày của nhiều người. Với sự phát triển của ngành công nghiệp làm đẹp, nước hoa ngày càng trở nên đa dạng và phong phú. Trong bài viết này, chúng ta sẽ cùng khám phá thế giới nước hoa, đặc biệt là sự kết nối giữa nước hoa và những bông hoa nỡ xinh đẹp.\n\n## Nước Hoa Là Gì?\n\nNước hoa là một hỗn hợp các hợp chất thơm được chiết xuất từ thiên nhiên hoặc tổng hợp, được sử dụng để tạo ra hương thơm cho cơ thể, quần áo và không gian sống. Các thành phần chính trong nước hoa thường bao gồm tinh dầu, nước và cồn. Mỗi loại nước hoa đều mang một mùi hương riêng biệt, phản ánh tính cách và sở thích của người sử dụng.\n\n## Hoa Nỡ: Nguồn Cảm Hứng Từ Thiên Nhiên\n\nHoa nỡ là những bông hoa nở rực rỡ, mang lại vẻ đẹp và hương thơm quyến rũ. Chúng không chỉ làm đẹp cho không gian sống mà còn là nguồn cảm hứng cho nhiều thương hiệu nước hoa nổi tiếng. Một số loại hoa nỡ như hoa hồng, hoa nhài, và hoa lan thường được sử dụng trong công thức chế tạo nước hoa, tạo ra những mùi hương đặc trưng và dễ chịu.\n\n### Lợi Ích Của Nước Hoa\n\n1. **Tạo Dấu Ấn Cá Nhân**: Mỗi người có thể chọn cho mình một loại nước hoa phù hợp, giúp thể hiện phong cách và cá tính riêng.\n2. **Gợi Nhớ Ký Ức**: Hương thơm của nước hoa có thể gợi nhớ đến những kỷ niệm đẹp trong quá khứ, giúp bạn cảm thấy thoải mái và dễ chịu hơn.\n3. **Tăng Cường Tự Tin**: Một mùi hương thơm thoang thoảng có thể giúp bạn tự tin hơn trong giao tiếp và trong những tình huống xã hội.\n\n### Cách Chọn Nước Hoa Phù Hợp\n\nKhi chọn nước hoa, bạn nên cân nhắc đến loại hương liệu mà mình yêu thích. Nếu bạn là người yêu thích sự tươi mới, những loại nước hoa có hương hoa nỡ như hoa nhài hoặc hoa hồng sẽ là sự lựa chọn tuyệt vời. Ngược lại, nếu bạn thích sự nồng ấm, bạn có thể tìm đến những loại nước hoa có hương vani hoặc gỗ.\n\n## Kết Luận\n\nNước hoa không chỉ là một sản phẩm làm đẹp mà còn là một phần của văn hóa và phong cách sống. Với sự ảnh hưởng mạnh mẽ từ thiên nhiên, đặc biệt là từ những bông hoa nỡ, nước hoa mang đến cho người sử dụng không chỉ hương thơm mà còn là những cảm xúc và kỷ niệm. Hãy chọn cho mình một loại nước hoa phù hợp để tỏa sáng và thể hiện bản thân bạn.\n\nHy vọng bài viết này giúp bạn có thêm thông tin về nước hoa và sự kết nối với hoa nỡ. Nếu bạn có bất kỳ câu hỏi nào về nước hoa, đừng ngần ngại để lại câu hỏi ở phần bình luận nhé!'),('chatcmpl-AhotcWYKJEkrgfP7NPFr0RntmYVAg','7441151070065836039',1735007113649,'2024-12-24 02:25:13','completed','2024-12-24 02:25:13','{\"msg\": \"\", \"code\": 0}',5,'\"Xin chào\" translates to \"Hello\" in English.'),('chatcmpl-AhpAL8CuXzkNQApWzvvhwa36Qskbz','7441151070065836039',1735008150834,'2024-12-24 02:42:30','completed','2024-12-24 02:42:30','{\"msg\": \"\", \"code\": 0}',5,'Hello'),('chatcmpl-AhTLhzP1DQblt5RJA4NM5bhVwnLJV','7441151070065836039',1734924293016,'2024-12-23 03:24:53','completed','2024-12-23 03:24:53','{\"msg\": \"\", \"code\": 0}',5,'### Nước Hoa và Ý Nghĩa Của Hoa 7 Màu\n\nNước hoa không chỉ là một sản phẩm làm đẹp, mà còn là một phần không thể thiếu trong cuộc sống hàng ngày của nhiều người. Một trong những loại nước hoa đặc biệt mà nhiều người yêu thích chính là nước hoa mang hương hoa 7 màu. Bài viết này sẽ giúp bạn hiểu thêm về nước hoa và sự đặc biệt của hoa 7 màu.\n\n#### Nước Hoa - Tạo Dấu Ấn Cá Nhân\n\nNước hoa là một yếu tố quan trọng trong việc xây dựng phong cách và cá tính của mỗi người. Một mùi hương dễ chịu không chỉ giúp bạn tự tin hơn mà còn để lại ấn tượng sâu sắc trong lòng người đối diện. Nước hoa có thể được chia thành nhiều loại hương khác nhau, từ hương hoa, hương trái cây đến hương gỗ và hương gia vị.\n\n#### Hoa 7 Màu - Biểu Tượng Của Sự Đa Dạng\n\nHoa 7 màu, hay còn gọi là hoa cầu vồng, là một biểu tượng của sự đa dạng và sắc màu trong cuộc sống. Với vẻ đẹp rực rỡ, những bông hoa này thường được sử dụng trong các dịp lễ hội, tiệc cưới hay chỉ đơn giản là để trang trí không gian sống. Hương thơm từ hoa 7 màu cũng có sức hấp dẫn riêng, mang đến cảm giác tươi mới và tràn đầy sức sống.\n\n#### Nước Hoa Từ Hoa 7 Màu\n\nMột số thương hiệu nước hoa nổi tiếng đã phát triển các sản phẩm mang hương hoa 7 màu. Những loại nước hoa này thường kết hợp nhiều loại hoa khác nhau, tạo nên một mùi hương phong phú và đa dạng. Hương thơm từ nước hoa hoa 7 màu không chỉ nhẹ nhàng, thanh thoát mà còn khiến người sử dụng cảm thấy vui vẻ và phấn chấn.\n\n#### Lợi Ích Của Việc Sử Dụng Nước Hoa\n\nViệc sử dụng nước hoa không chỉ giúp bạn tạo ấn tượng tốt với người khác mà còn mang lại nhiều lợi ích cho sức khỏe tinh thần. Mùi hương dễ chịu có thể giúp giảm căng thẳng, tăng cường sự tự tin và thậm chí cải thiện tâm trạng. Đặc biệt, nước hoa có hương hoa 7 màu mang lại cảm giác tươi mới, giúp bạn cảm thấy tràn đầy năng lượng.\n\n#### Kết Luận\n\nNước hoa là một phần không thể thiếu trong việc thể hiện cá tính và phong cách sống của mỗi người. Những sản phẩm nước hoa mang hương hoa 7 màu không chỉ đẹp mắt mà còn mang lại nhiều cảm xúc tích cực. Hãy tìm cho mình một loại nước hoa phù hợp để làm phong phú thêm cuộc sống hàng ngày của bạn!\n\nHy vọng bài viết này đã giúp bạn hiểu rõ hơn về nước hoa và ý nghĩa của hoa 7 màu. Hãy chia sẻ cảm nhận của bạn và khám phá thêm nhiều loại nước hoa thú vị khác nhé!'),('chatcmpl-AhU7WPDL528yZUc7NfZNL5K5hB891','7441151070065836039',1734927261202,'2024-12-23 04:14:21','completed','2024-12-23 04:14:21','{\"msg\": \"\", \"code\": 0}',5,'# Nước Hoa: Khám Phá Vẻ Đẹp Của Hoa 7 Màu\n\nNước hoa không chỉ đơn thuần là một sản phẩm làm đẹp, mà còn là biểu tượng của sự quyến rũ và cá tính. Trong thế giới đa dạng của nước hoa, không thể không nhắc đến những hương thơm độc đáo được chiết xuất từ các loại hoa, đặc biệt là hoa 7 màu – một trong những loài hoa đầy sắc màu và ý nghĩa.\n\n## Hoa 7 Màu: Biểu Tượng Của Sự Đa Dạng\n\nHoa 7 màu, với sự kết hợp của nhiều sắc thái khác nhau, không chỉ thu hút ánh nhìn mà còn mang đến một thông điệp sâu sắc về sự tươi mới và hy vọng. Mỗi màu sắc của hoa đều gợi lên những cảm xúc khác nhau, từ niềm vui đến sự lãng mạn. Chính vì vậy, hoa 7 màu thường được sử dụng trong ngành công nghiệp nước hoa để tạo ra những sản phẩm mang hơi thở của thiên nhiên.\n\n## Nước Hoa Chiết Xuất Từ Hoa 7 Màu\n\nNước hoa chiết xuất từ hoa 7 màu mang đến một trải nghiệm thú vị cho người sử dụng. Hương thơm của nước hoa này thường rất nhẹ nhàng, tươi mát, và có khả năng kích thích cảm xúc. Một số thương hiệu nổi tiếng đã khéo léo kết hợp các nốt hương từ hoa 7 màu vào sản phẩm của họ, tạo nên những mùi hương độc đáo và dễ chịu.\n\n### Lợi Ích Của Nước Hoa Từ Hoa 7 Màu\n\n1. **Tăng Cường Tâm Trạng**: Hương thơm từ hoa 7 màu có khả năng làm tăng cường tâm trạng, mang đến cảm giác thư giãn và hạnh phúc.\n2. **Thể Hiện Cá Tính**: Mỗi người sẽ có một sở thích riêng về hương thơm. Nước hoa chiết xuất từ hoa 7 màu giúp bạn thể hiện phong cách và cá tính riêng biệt.\n3. **Thích Hợp Với Mọi Dịp**: Với hương thơm tươi mát, nước hoa từ hoa 7 màu phù hợp cho cả những buổi tiệc tùng lẫn những ngày làm việc bình thường.\n\n## Cách Chọn Nước Hoa Hoa 7 Màu Phù Hợp\n\nKhi chọn nước hoa, bạn nên xem xét một số yếu tố như:\n\n- **Thời Gian Sử Dụng**: Nước hoa nhẹ nhàng từ hoa 7 màu thường thích hợp cho ban ngày, trong khi những mùi hương đậm hơn có thể sử dụng vào ban đêm.\n- **Tính Cách**: Hương thơm cũng phản ánh tính cách của bạn. Nếu bạn là người yêu thích sự tươi mới, hãy chọn những sản phẩm có chiết xuất từ hoa 7 màu.\n- **Mùa Trong Năm**: Mùa hè là thời điểm lý tưởng để sử dụng các loại nước hoa floral (hoa), đặc biệt là những hương thơm từ hoa 7 màu.\n\n## Kết Luận\n\nNước hoa không chỉ là một sản phẩm làm đẹp, mà còn là một phần không thể thiếu trong cuộc sống hàng ngày của mỗi người. Hoa 7 màu với vẻ đẹp rực rỡ và hương thơm dịu dàng chắc chắn sẽ là nguồn cảm hứng bất tận cho những sản phẩm nước hoa độc đáo. Hãy để nước hoa từ hoa 7 màu trở thành người bạn đồng hành, mang đến cho bạn sự tự tin và quyến rũ trong mỗi bước đi.\n\nHy vọng bài viết này đã cung cấp cho bạn những thông tin hữu ích về nước hoa và hoa 7 màu. Hãy khám phá và lựa chọn cho mình một mùi hương phù hợp để tỏa sáng!'),('chatcmpl-AhUfbnrSPaX5fxz6QRUKweehBhly3','7441151070065836039',1734929376159,'2024-12-23 04:49:36','completed','2024-12-23 04:49:36','{\"msg\": \"\", \"code\": 0}',5,'### Kịch bản Livestream Bán Hàng Sản Phẩm \"Nobita\"\n\n---\n\n**Mở đầu: (1-2 phút)**\n\n*Người dẫn chương trình đứng trước camera, mỉm cười và tạo không khí thân thiện.*\n\n**Người dẫn chương trình:**\n“Xin chào các bạn, chào mừng các bạn đến với buổi livestream hôm nay! Tôi rất vui được gặp gỡ tất cả các bạn trong không gian thú vị này. Hôm nay, chúng ta sẽ cùng khám phá một sản phẩm cực kỳ đặc biệt, không chỉ đẹp trai mà còn mang đến phong cách chuyên nghiệp, đó chính là ‘Nobita’! Nếu bạn đang tìm kiếm một sản phẩm khiến bạn nổi bật và tự tin hơn, hãy ở lại với chúng tôi nhé!”\n\n---\n\n**Phần chính: (5-7 phút)**\n\n*Chuyển sang phần giới thiệu chi tiết về sản phẩm.*\n\n**Người dẫn chương trình:**\n“Đầu tiên, hãy cùng tôi khám phá xem ‘Nobita’ có gì đặc biệt nhé! ‘Nobita’ không chỉ đơn thuần là một sản phẩm; nó là biểu tượng của sự tự tin và phong cách. Với thiết kế hiện đại, ‘Nobita’ mang đến vẻ đẹp trai hoàn hảo cho bất kỳ ai sở hữu. Bạn có thể kết hợp với nhiều trang phục khác nhau để tạo nên phong cách riêng biệt.\n\n*Người dẫn chương trình cầm sản phẩm lên, quay 360 độ để người xem có thể thấy rõ.*\n\n“Các bạn có thấy không? Từng chi tiết trên sản phẩm đều được chăm chút tỉ mỉ, từ chất liệu đến màu sắc. ‘Nobita’ phù hợp với mọi đối tượng, từ những bạn trẻ năng động đến những người trưởng thành tìm kiếm sự chuyên nghiệp trong phong cách của mình.\n\n“Hơn nữa, ‘Nobita’ còn dễ dàng sử dụng và bảo quản, giúp bạn tiết kiệm thời gian trong việc chăm sóc bản thân. Sản phẩm đã nhận được nhiều phản hồi tích cực từ khách hàng trước đó, và chúng tôi tự tin rằng bạn sẽ yêu thích ‘Nobita’ ngay khi sở hữu nó.”\n\n---\n\n**Kêu gọi hành động: (2-3 phút)**\n\n**Người dẫn chương trình:**\n“Nếu bạn đang muốn trở thành phiên bản tốt nhất của chính mình, đừng bỏ lỡ cơ hội sở hữu ‘Nobita’ ngay hôm nay! Chỉ trong thời gian livestream này, chúng tôi có một ưu đãi đặc biệt dành cho các bạn. Hãy comment ‘TÔI MUỐN CÓ NOBITA’ ngay bây giờ để nhận được giá ưu đãi và quà tặng hấp dẫn từ chúng tôi!\n\n“Đừng chần chừ nhé! Số lượng có hạn và ưu đãi chỉ kéo dài trong thời gian livestream này. Hãy nhanh tay để không bỏ lỡ cơ hội tuyệt vời này! Chúng tôi sẽ có nhân viên tư vấn liên hệ với bạn ngay sau khi bạn comment. Cảm ơn các bạn đã theo dõi, và hy vọng rằng các bạn sẽ trở thành một phần của gia đình ‘Nobita’!”\n\n---\n\n**Kết thúc: (1-2 phút)**\n\n*Người dẫn chương trình tươi cười, tạo cảm giác gần gũi.*\n\n**Người dẫn chương trình:**\n“Cảm ơn các bạn đã dành thời gian theo dõi livestream hôm nay! Hy vọng rằng các bạn đã tìm thấy thông tin hữu ích về sản phẩm ‘Nobita’. Đừng quên nhấn like và chia sẻ livestream này để bạn bè của bạn cũng có cơ hội sở hữu ‘Nobita’ nhé! Hẹn gặp lại các bạn trong các livestream sau, và chúc các bạn một ngày tuyệt vời! Tạm biệt!”\n\n--- \n\n*Người dẫn chương trình vẫy tay và kết thúc livestream.*'),('chatcmpl-AhUMDWX62Z7d9y2jw1KwZVuABC8Rl','7441151070065836039',1734928171309,'2024-12-23 04:29:31','completed','2024-12-23 04:29:31','{\"msg\": \"\", \"code\": 0}',5,'# Nước Hoa: Hương Thơm Đẳng Cấp Từ Hoa 7 Màu\n\nNước hoa luôn là một phần không thể thiếu trong cuộc sống hàng ngày của chúng ta. Không chỉ giúp tạo nên phong cách riêng, nước hoa còn mang lại cảm giác tự tin và thu hút cho người sử dụng. Trong bài viết này, chúng ta sẽ cùng khám phá một loại nước hoa độc đáo được chiết xuất từ \"Hoa 7 màu\" – một loài hoa mang trong mình nhiều ý nghĩa và giá trị.\n\n## 1. Nước Hoa Là Gì?\n\nNước hoa là một sản phẩm được tạo ra từ sự kết hợp của các tinh dầu, nước và các thành phần khác, nhằm tạo ra một hương thơm dễ chịu. Nước hoa không chỉ được sử dụng để tạo mùi hương cho cơ thể, mà còn thể hiện phong cách và cá tính của mỗi người.\n\n## 2. Hoa 7 Màu: Biểu Tượng Của Sự Đa Dạng\n\nHoa 7 màu, hay còn gọi là hoa cầu vồng, là một loại hoa đặc biệt với sắc thái đa dạng và rực rỡ. Mỗi màu sắc của hoa đều mang một ý nghĩa riêng, từ tình yêu, sự lạc quan đến niềm vui và hy vọng. Chính vì vậy, nước hoa chiết xuất từ hoa 7 màu không chỉ mang lại hương thơm dễ chịu mà còn chứa đựng nhiều ý nghĩa sâu sắc.\n\n## 3. Nước Hoa Từ Hoa 7 Màu: Hương Thơm Độc Đáo\n\nNước hoa chiết xuất từ hoa 7 màu thường có hương thơm tươi mát, nhẹ nhàng và dễ chịu. Hương thơm này thường được kết hợp từ nhiều tầng hương khác nhau, tạo nên một trải nghiệm thú vị cho người sử dụng. Tầng hương đầu có thể là sự tươi mới của các loại trái cây, tiếp theo là hương hoa ngọt ngào và cuối cùng là hương gỗ ấm áp.\n\n### Lợi Ích Của Nước Hoa Từ Hoa 7 Màu\n\n- **Mang lại cảm giác thư giãn**: Hương thơm tự nhiên từ hoa giúp xua tan căng thẳng, mang lại cảm giác thoải mái cho người sử dụng.\n- **Gợi nhớ kỷ niệm**: Mùi hương có khả năng kích thích trí nhớ, giúp bạn nhớ lại những kỷ niệm đẹp trong cuộc sống.\n- **Tăng cường sự tự tin**: Một hương thơm dễ chịu sẽ giúp bạn tự tin hơn trong giao tiếp và tạo ấn tượng tốt với người khác.\n\n## 4. Cách Chọn Nước Hoa Phù Hợp\n\nKhi chọn nước hoa, bạn nên lưu ý đến các yếu tố sau:\n\n- **Phong cách cá nhân**: Chọn nước hoa phù hợp với phong cách và cá tính của bạn.\n- **Thời gian và địa điểm sử dụng**: Một số hương thơm có thể phù hợp hơn cho ban ngày, trong khi những hương thơm khác lại thích hợp cho buổi tối hoặc các sự kiện đặc biệt.\n- **Thử nghiệm trước khi mua**: Hãy thử nước hoa trên da để cảm nhận rõ hơn về hương thơm và độ bám của nó.\n\n## Kết Luận\n\nNước hoa từ hoa 7 màu không chỉ là một sản phẩm làm đẹp, mà còn là một phần của cuộc sống tinh thần. Hãy lựa chọn cho mình một mùi hương phù hợp để tỏa sáng và ghi dấu ấn riêng. Hy vọng bài viết này sẽ giúp bạn hiểu rõ hơn về nước hoa và đặc biệt là nước hoa chiết xuất từ hoa 7 màu. Chúc bạn luôn tự tin và xinh đẹp với hương thơm yêu thích của mình!'),('chatcmpl-AhUYHijiE7bv3lh9Ox4ox0z0UvDsI','7441151070065836039',1734928914528,'2024-12-23 04:41:54','completed','2024-12-23 04:41:54','{\"msg\": \"\", \"code\": 0}',5,'Dựa trên hình ảnh bạn đã cung cấp, dưới đây là phân tích chi tiết:\n\n### 1. Mô tả các yếu tố chính trong hình ảnh:\n- **Đối tượng**: Hình ảnh chủ yếu là một bản đồ với các địa điểm được đánh dấu. Một trong những địa điểm nổi bật là \"Công ty TNHH dụng cụ cơ khí và y tế\".\n- **Màu sắc**: Bản đồ sử dụng màu sắc nhẹ nhàng, chủ yếu là màu xanh lá cây, xanh dương, và một số màu nhạt khác để phân biệt các khu vực và địa điểm.\n- **Bối cảnh**: Hình ảnh thể hiện khu vực xung quanh một công ty, có thể là trong một khu công nghiệp hoặc khu vực đô thị. Có nhiều đường phố và các địa điểm khác nhau được ghi chú.\n\n### 2. Trích xuất thông tin cụ thể:\n- **Văn bản nổi bật**: \"Công ty TNHH dụng cụ cơ khí và y tế\" là tên công ty được đánh dấu rõ ràng trên bản đồ.\n- **Các địa điểm khác**: Một số địa điểm xung quanh được ghi chú như \"Kho Điện Máy Xanh Điều Xuyến\", \"HOÀ VIỆT CTV CP\", và \"Nhà thờ Giáo xứ Thái Hòa\".\n\n### 3. Đề xuất prompt phù hợp:\n- \"Vẽ lại một bản đồ thành phố với các điểm nổi bật như công ty và cơ sở y tế, sử dụng màu sắc tươi sáng để phân biệt các khu vực khác nhau. Thêm vào đó, sử dụng biểu tượng để thể hiện các địa điểm như nhà thờ và cửa hàng.\" \n\nHy vọng phân tích này hữu ích cho bạn!'),('chatcmpl-AhvycgMwVRXC6ed5PAUDHQUmOllyx','7441151070065836039',1735034332898,'2024-12-24 09:58:52','completed','2024-12-24 09:58:52','{\"msg\": \"\", \"code\": 0}',5,'The translation of \"Chúng ra\" to English is \"We go\" or \"We come out,\" depending on the context. If you have a specific context in mind, please provide more details for a more accurate translation.'),('chatcmpl-AhvylGDxGtTjIupZquDErcRW37u7v','7441151070065836039',1735034340601,'2024-12-24 09:59:00','completed','2024-12-24 09:59:00','{\"msg\": \"\", \"code\": 0}',5,'The translation of \"Chúng ra hahah\" to English is \"We are out hahah.\"'),('chatcmpl-AhvyMa3PpwP3Dc4GZ59anirL8ftkB','7441151070065836039',1735034316121,'2024-12-24 09:58:36','completed','2024-12-24 09:58:36','{\"msg\": \"\", \"code\": 0}',5,'Vietnam'),('chatcmpl-AhvzPY8xVGLwaFpCRFxSLwi2vUzlZ','7441151070065836039',1735034380602,'2024-12-24 09:59:40','completed','2024-12-24 09:59:40','{\"msg\": \"\", \"code\": 0}',5,'The flower blooms without color.'),('chatcmpl-AhvzSIFWLHtBXtRliSwKaAl5hvOBl','7441151070065836039',1735034384062,'2024-12-24 09:59:44','completed','2024-12-24 09:59:44','{\"msg\": \"\", \"code\": 0}',5,'The flower blooms without color.'),('chatcmpl-AhvzUKedjLKimQ4Ik3MyhHQo1HuwM','7441151070065836039',1735034386030,'2024-12-24 09:59:46','completed','2024-12-24 09:59:46','{\"msg\": \"\", \"code\": 0}',5,'The flower blooms without color.'),('chatcmpl-Ahw5tNAMWqKa0L0PfrFHyLeNQOCDm','7441151070065836039',1735034782399,'2024-12-24 10:06:22','completed','2024-12-24 10:06:22','{\"msg\": \"\", \"code\": 0}',5,'\"I am Đức Vĩ.\"'),('chatcmpl-Ahw60c5IHyIMjRGFK1YslK5KatI1A','7441151070065836039',1735034789721,'2024-12-24 10:06:29','completed','2024-12-24 10:06:29','{\"msg\": \"\", \"code\": 0}',5,'I am Đức Vĩ.'),('chatcmpl-Ahw6iWHPOZDTzbKYnjwL9Qts2CcZg','7441151070065836039',1735034833546,'2024-12-24 10:07:13','completed','2024-12-24 10:07:13','{\"msg\": \"\", \"code\": 0}',5,'The flower blooms without color.'),('chatcmpl-Ahw7NeZV4Kzi1dVCXXeMmcchZ403O','7441151070065836039',1735034875619,'2024-12-24 10:07:55','completed','2024-12-24 10:07:55','{\"msg\": \"\", \"code\": 0}',5,'The text \"kjkhn\" does not appear to have a specific meaning in either Vietnamese or English, as it seems to be a random string of letters. If you meant to provide a different text for translation, please clarify, and I\'d be happy to help!'),('chatcmpl-AhwEhhaFmfurv23WESbkdiwMr9BCR','7441151070065836039',1735035328956,'2024-12-24 10:15:28','completed','2024-12-24 10:15:28','{\"msg\": \"\", \"code\": 0}',5,'Hello'),('chatcmpl-AhwJoYhXJfp1U4kkaAsouCuJV6lQX','7441151070065836039',1735035646260,'2024-12-24 10:20:46','completed','2024-12-24 10:20:46','{\"msg\": \"\", \"code\": 0}',5,'The translation of \"Helo\" to English is \"Hello\".'),('chatcmpl-AhZINhZhAYtLIUMMGzK0XIHytWCNC','7441151070065836039',1734947150646,'2024-12-23 09:45:50','completed','2024-12-23 09:45:50','{\"msg\": \"\", \"code\": 0}',5,'**Mô tả Video YouTube chuẩn SEO**\n\n---\n\n**Tiêu đề:** sdfsdf - Khám Phá Những Điều Thú Vị\n\n**Mô tả:**\n\nChào mừng bạn đến với video mới nhất của chúng tôi với tiêu đề \"sdfsdf\". Trong video này, chúng tôi sẽ đưa bạn vào hành trình khám phá những điều thú vị xoay quanh chủ đề sdfsdf. \n\n**Nội dung video:**\n- Giới thiệu về sdfsdf và tầm quan trọng của nó.\n- Phân tích sâu sắc về các khía cạnh liên quan.\n- Chia sẻ những mẹo và thông tin hữu ích mà bạn không thể bỏ lỡ.\n\nNgoài ra, trong video này, chúng tôi cũng muốn giới thiệu đến bạn **Sản phẩm cần giới thiệu** - một sản phẩm chất lượng cao giúp bạn cải thiện trải nghiệm của mình liên quan đến sdfsdf. Đừng bỏ lỡ cơ hội để tìm hiểu về sản phẩm tuyệt vời này!\n\n**Tại sao bạn nên xem video này?**\n- Cung cấp thông tin chi tiết và hữu ích về sdfsdf.\n- Giúp bạn có cái nhìn rõ ràng và sâu sắc hơn về chủ đề.\n- Cơ hội trải nghiệm sản phẩm độc quyền mà chúng tôi giới thiệu.\n\nNếu bạn thấy video này hữu ích, hãy nhấn Like, Đăng ký kênh và chia sẻ với bạn bè để không bỏ lỡ những video tiếp theo của chúng tôi!\n\n**Theo dõi chúng tôi:**\n- Facebook: [Link Facebook]\n- Instagram: [Link Instagram]\n- Website: [Link Website]\n\nCảm ơn bạn đã xem video! Hãy để lại ý kiến của bạn dưới video nhé!\n\n---\n\n**Từ khóa:** sdfsdf, sản phẩm cần giới thiệu, video thú vị, mẹo hay\n\n---\n\nHy vọng mô tả này sẽ giúp video của bạn thu hút nhiều lượt xem và tương tác!'),('chatcmpl-Ak23SoCsq6UkEEbPL3e3obPncjpgL','7441151070065836039',1735534374822,'2024-12-30 04:52:54','completed','2024-12-30 04:52:54','{\"msg\": \"\", \"code\": 0}',5,'# Hướng Dẫn Chi Tiết Về SDFSD: Những Điều Bạn Cần Biết\n\nTrong thế giới ngày nay, việc hiểu rõ về \"sdfsd\" không chỉ giúp bạn nâng cao kiến thức mà còn mở ra nhiều cơ hội trong cuộc sống. Trong bài viết này, chúng ta sẽ cùng khám phá \"sdfsd\" và những khía cạnh liên quan đến nó, đặc biệt là từ khóa \"fsdfds\". Hãy cùng tìm hiểu!\n\n## SDFSD Là Gì?\n\n\"Sdfsd\" là một thuật ngữ quan trọng trong lĩnh vực [liên quan] mà bạn không nên bỏ qua. Nó đề cập đến [giải thích ngắn gọn về sdfsd], mang lại nhiều lợi ích cho người dùng. Hiểu rõ về sdfsd sẽ giúp bạn áp dụng vào thực tế một cách hiệu quả.\n\n## Tại Sao \"SDFSD\" Quan Trọng?\n\nSdfsd có vai trò rất lớn trong [lĩnh vực cụ thể]. Dưới đây là một số lý do tại sao bạn nên tìm hiểu về nó:\n\n1. **Cải Thiện Kỹ Năng**: Việc nắm vững sdfsd sẽ giúp bạn cải thiện kỹ năng của bản thân trong [lĩnh vực liên quan].\n2. **Tăng Cường Hiệu Quả**: Áp dụng sdfsd đúng cách có thể giúp bạn đạt được kết quả tốt hơn trong công việc.\n3. **Mở Rộng Cơ Hội**: Hiểu biết về sdfsd có thể tạo ra nhiều cơ hội mới trong sự nghiệp của bạn.\n\n## Mối Liên Hệ Giữa \"SDFSD\" và \"FSDFDS\"\n\nKhi nói đến \"fsdfds\", điều quan trọng là nhận ra mối liên hệ giữa nó và sdfsd. \"Fsdfds\" có thể được xem như là một phần mở rộng hoặc ứng dụng cụ thể của sdfsd. Việc hiểu rõ về fsdfds không chỉ giúp bạn áp dụng kiến thức một cách hiệu quả mà còn giúp bạn phát triển thêm nhiều kỹ năng khác.\n\n### Những Lợi Ích Của FSDFDS\n\n1. **Tăng Cường Kiến Thức**: Fsdfds cung cấp cho bạn những thông tin bổ ích liên quan đến sdfsd.\n2. **Cải Thiện Kinh Nghiệm**: Việc tiếp cận fsdfds giúp bạn có thêm kinh nghiệm thực tiễn trong việc áp dụng sdfsd.\n3. **Kết Nối Cộng Đồng**: Tham gia vào các hoạt động liên quan đến fsdfds giúp bạn kết nối với những người có cùng sở thích.\n\n## Kết Luận\n\nTóm lại, việc tìm hiểu về \"sdfsd\" và \"fsdfds\" là rất cần thiết cho bất kỳ ai quan tâm đến [lĩnh vực liên quan]. Hy vọng bài viết này đã cung cấp cho bạn những thông tin hữu ích và giúp bạn có cái nhìn tổng quan về sdfsd. Đừng ngần ngại áp dụng những kiến thức này vào thực tế để đạt được những thành công trong tương lai!\n\nNếu bạn có bất kỳ câu hỏi nào về sdfsd hoặc fsdfds, hãy để lại câu hỏi dưới bài viết này. Chúng tôi sẽ rất vui lòng hỗ trợ bạn!'),('chatcmpl-Ak3s0DdcThp5oCp6VZKJgkQSohRyI','7441151070065836039',1735541328132,'2024-12-30 06:48:48','completed','2024-12-30 06:48:48','{\"msg\": \"\", \"code\": 0}',5,'\"Hello\" in English is \"hello.\"'),('chatcmpl-Ak42aCB4mAFEvM68dSaGJEzKFJ6J4','gpt-4o',1735541983944,'2024-12-30 06:59:43','completed','2024-12-30 06:59:43','{\"msg\": \"\", \"code\": 0}',5,'Có vẻ như bạn đã nhập một chuỗi ký tự không có ý nghĩa rõ ràng bằng tiếng Việt. Bạn có thể cung cấp thêm ngữ cảnh hoặc thông tin để tôi có thể giúp bạn tốt hơn không?'),('chatcmpl-Ak47J8YvkZkt4ge5T1gIi9igCGWJk','7441151070065836039',1735542277244,'2024-12-30 07:04:37','completed','2024-12-30 07:04:37','{\"msg\": \"\", \"code\": 0}',5,'The text you provided appears to be a random string of characters and does not have a meaningful translation. If you have a different text or need help with something else, feel free to share!'),('chatcmpl-Ak5ro9MIVeWbqFNpezFV4ucoM59tb','7441151070065836039',1735549004401,'2024-12-30 08:56:44','completed','2024-12-30 08:56:44','{\"msg\": \"\", \"code\": 0}',5,'The translation of \"Hao\" depends on the context, as it can have different meanings. In Chinese, \"Hao\" (好) means \"good.\" It can also be a name. Could you please provide more context?'),('chatcmpl-Ak5ru2QuxhkzrbGB8bijLQOkTmDLC','7441151070065836039',1735549010782,'2024-12-30 08:56:50','completed','2024-12-30 08:56:50','{\"msg\": \"\", \"code\": 0}',5,'The word \"âd\" in Vietnamese does not have a direct translation in English as it does not appear to be a standard word. If you meant a different word or if it has a specific context, please provide more details so I can assist you better.');
/*!40000 ALTER TABLE `conversations` ENABLE KEYS */;
UNLOCK TABLES;

--
-- Table structure for table `gift_codes`
--

DROP TABLE IF EXISTS `gift_codes`;
/*!40101 SET @saved_cs_client     = @@character_set_client */;
/*!50503 SET character_set_client = utf8mb4 */;
CREATE TABLE `gift_codes` (
  `id` int NOT NULL AUTO_INCREMENT,
  `code` varchar(255) NOT NULL,
  `user_id` int DEFAULT NULL,
  `amount` bigint NOT NULL,
  `is_used` tinyint(1) DEFAULT '0',
  `used_at` datetime DEFAULT NULL,
  `expired_at` datetime DEFAULT NULL,
  `created_at` datetime DEFAULT NULL,
  `updated_at` datetime DEFAULT NULL,
  PRIMARY KEY (`id`)
) ENGINE=InnoDB AUTO_INCREMENT=17 DEFAULT CHARSET=utf8mb4 COLLATE=utf8mb4_0900_ai_ci;
/*!40101 SET character_set_client = @saved_cs_client */;

--
-- Dumping data for table `gift_codes`
--

LOCK TABLES `gift_codes` WRITE;
/*!40000 ALTER TABLE `gift_codes` DISABLE KEYS */;
INSERT INTO `gift_codes` VALUES (2,'535278',5,100000,1,'2024-12-12 06:48:26','2024-12-13 00:00:00','2024-12-12 04:20:29','2024-12-12 06:48:26'),(7,'aaa45',NULL,211054,0,NULL,'2024-12-07 00:00:00','2024-12-12 04:25:43','2024-12-17 07:31:27'),(8,'aaa1',NULL,21115,0,NULL,'2024-12-07 00:00:00','2024-12-12 04:25:46','2024-12-17 07:31:11'),(9,'aaa1rwer',NULL,2111,0,NULL,'2024-12-07 00:00:00','2024-12-12 04:25:47','2024-12-17 07:31:16'),(10,'aaa',NULL,415232,0,NULL,'2024-12-07 00:00:00','2024-12-12 04:25:48','2024-12-19 02:58:40'),(11,'aaa',NULL,2111,0,NULL,'2024-12-07 00:00:00','2024-12-12 04:25:49','2024-12-12 04:25:49'),(12,'CAPCAP',5,500000,1,'2024-12-20 06:48:53','2024-12-29 00:00:00','2024-12-13 04:42:53','2024-12-20 06:48:53'),(13,'J97',5,200000,1,'2024-12-20 06:39:24','2024-12-26 00:00:00','2024-12-19 10:02:35','2024-12-20 06:39:24'),(14,'J98',5,20000,1,'2024-12-20 06:39:31','2024-12-23 00:00:00','2024-12-19 10:23:48','2024-12-20 06:39:31'),(15,'666',NULL,666666,0,NULL,'2024-12-26 00:00:00','2024-12-20 04:16:19','2024-12-20 04:16:19'),(16,'Rack',5,100000,1,'2024-12-24 08:22:13','2024-12-26 00:00:00','2024-12-24 08:22:05','2024-12-24 08:22:13');
/*!40000 ALTER TABLE `gift_codes` ENABLE KEYS */;
UNLOCK TABLES;

--
-- Table structure for table `payment_transactions`
--

DROP TABLE IF EXISTS `payment_transactions`;
/*!40101 SET @saved_cs_client     = @@character_set_client */;
/*!50503 SET character_set_client = utf8mb4 */;
CREATE TABLE `payment_transactions` (
  `id` varchar(255) NOT NULL,
  `user_id` int NOT NULL,
  `amount` bigint NOT NULL,
  `status` varchar(255) NOT NULL DEFAULT 'PENDING',
  `bank_code` varchar(255) DEFAULT NULL,
  `transaction_type` varchar(255) NOT NULL DEFAULT 'PAYMENT',
  `transaction_date` datetime DEFAULT NULL,
  PRIMARY KEY (`id`),
  KEY `user_id` (`user_id`),
  CONSTRAINT `payment_transactions_ibfk_1` FOREIGN KEY (`user_id`) REFERENCES `users` (`id`)
) ENGINE=InnoDB DEFAULT CHARSET=utf8mb4 COLLATE=utf8mb4_0900_ai_ci;
/*!40101 SET character_set_client = @saved_cs_client */;

--
-- Dumping data for table `payment_transactions`
--

LOCK TABLES `payment_transactions` WRITE;
/*!40000 ALTER TABLE `payment_transactions` DISABLE KEYS */;
INSERT INTO `payment_transactions` VALUES ('02115940',5,120200,'pending',NULL,'PAYMENT','2024-12-02 04:59:40'),('02141917',5,120000,'pending',NULL,'PAYMENT','2024-12-02 07:19:17'),('02155558',5,120000,'pending',NULL,'PAYMENT','2024-12-02 08:55:58'),('02171251',5,120000,'success',NULL,'PAYMENT','2024-12-02 10:12:51'),('03081420',5,120000,'success',NULL,'PAYMENT','2024-12-03 01:14:20'),('03081634',5,120000,'success',NULL,'PAYMENT','2024-12-03 01:16:34'),('05143801',5,120000,'pending',NULL,'PAYMENT','2024-12-05 07:38:01'),('10085419',5,120000,'pending',NULL,'PAYMENT','2024-12-10 01:54:19'),('13112503',5,1200000,'pending',NULL,'PAYMENT','2024-12-13 04:25:03'),('13161805',5,1200000,'pending',NULL,'PAYMENT','2024-12-13 09:18:05'),('20134952',5,10000,'pending',NULL,'PAYMENT','2024-12-20 06:49:52'),('20134958',5,1200000,'pending',NULL,'PAYMENT','2024-12-20 06:49:58'),('23103400',5,10000,'pending',NULL,'PAYMENT','2024-12-23 03:34:00'),('29115239',5,120000,'pending',NULL,'PAYMENT','2024-11-29 04:52:39'),('29115410',5,120000,'pending',NULL,'PAYMENT','2024-11-29 04:54:10'),('29115422',5,120000,'pending',NULL,'PAYMENT','2024-11-29 04:54:22');
/*!40000 ALTER TABLE `payment_transactions` ENABLE KEYS */;
UNLOCK TABLES;

--
-- Table structure for table `token_usages`
--

DROP TABLE IF EXISTS `token_usages`;
/*!40101 SET @saved_cs_client     = @@character_set_client */;
/*!50503 SET character_set_client = utf8mb4 */;
CREATE TABLE `token_usages` (
  `id` int NOT NULL AUTO_INCREMENT,
  `user_id` int NOT NULL,
  `conversation_id` varchar(255) NOT NULL,
  `token_count` int NOT NULL,
  `bot_id` varchar(255) NOT NULL,
  `output_count` bigint NOT NULL,
  `input_count` bigint NOT NULL,
  `usage_date` datetime DEFAULT NULL,
  PRIMARY KEY (`id`),
  KEY `user_id` (`user_id`),
  KEY `conversation_id` (`conversation_id`),
  KEY `bot_id` (`bot_id`),
  CONSTRAINT `token_usages_ibfk_1` FOREIGN KEY (`user_id`) REFERENCES `users` (`id`),
  CONSTRAINT `token_usages_ibfk_2` FOREIGN KEY (`conversation_id`) REFERENCES `conversations` (`id`),
  CONSTRAINT `token_usages_ibfk_3` FOREIGN KEY (`bot_id`) REFERENCES `bots` (`id`)
) ENGINE=InnoDB AUTO_INCREMENT=110 DEFAULT CHARSET=utf8mb4 COLLATE=utf8mb4_0900_ai_ci;
/*!40101 SET character_set_client = @saved_cs_client */;

--
-- Dumping data for table `token_usages`
--

LOCK TABLES `token_usages` WRITE;
/*!40000 ALTER TABLE `token_usages` DISABLE KEYS */;
INSERT INTO `token_usages` VALUES (1,5,'7442558861204258823',410,'7441151070065836039',53,357,'2024-11-29 04:50:17'),(2,5,'7442558958591541255',511,'7441151070065836039',153,358,'2024-11-29 04:50:27'),(3,5,'7442558980569956359',511,'7441151070065836039',153,358,'2024-11-29 04:51:07'),(4,5,'7442559165467230226',511,'7441151070065836039',153,358,'2024-11-29 04:51:13'),(5,5,'7442592209813422088',1385,'7441151070065836039',990,395,'2024-11-29 06:59:50'),(6,5,'7442609805442859026',761,'7441151070065836039',71,690,'2024-11-29 08:07:41'),(7,5,'7442609977090523143',1214,'7441151070065836039',113,1030,'2024-11-29 08:08:49'),(8,5,'7442611248698802194',1209,'7441151070065836039',184,1025,'2024-11-29 08:13:42'),(9,5,'7442611901974020103',1219,'7441151070065836039',196,1023,'2024-11-29 08:16:20'),(10,5,'7442616015730753543',308,'7441151070065836039',1,307,'2024-11-29 08:31:39'),(11,5,'7442636691988594695',314,'7441151070065836039',5,309,'2024-11-29 09:51:59'),(12,5,'7442636743154597896',320,'7441151070065836039',10,310,'2024-11-29 09:52:09'),(13,5,'7443640308023246866',1353,'7441151070065836039',523,830,'2024-12-02 02:46:38'),(14,5,'7443640275207208978',1053,'7441151070065836039',224,829,'2024-12-02 02:46:50'),(15,5,'7443640628333920264',981,'7441151070065836039',587,394,'2024-12-02 02:48:07'),(16,5,'7443647858877956104',1625,'7441151070065836039',1168,457,'2024-12-02 03:16:09'),(17,5,'7443670784419102738',2175,'7441151070065836039',887,1288,'2024-12-02 04:45:06'),(18,5,'7443671322615447559',1962,'7441151070065836039',1496,466,'2024-12-02 04:47:03'),(19,5,'7443672481967112200',1622,'7441151070065836039',1156,466,'2024-12-02 04:51:39'),(20,5,'7443672376295997458',579,'7441151070065836039',80,499,'2024-12-02 04:52:05'),(21,5,'7443753859224485896',1854,'7441151070065836039',1394,460,'2024-12-02 10:07:29'),(22,5,'7443754055182188562',332,'7441151070065836039',10,322,'2024-12-02 10:08:04'),(23,5,'7443754158152302599',1227,'7441151070065836039',195,1032,'2024-12-02 10:08:37'),(24,5,'7443754929568890887',1513,'7441151070065836039',1043,470,'2024-12-02 10:12:07'),(25,5,'7443755237946523666',1078,'7441151070065836039',684,394,'2024-12-02 10:12:44'),(26,5,'7443990983685013511',312,'7441151070065836039',5,307,'2024-12-03 01:27:44'),(27,5,'7444486500630298631',1101,'7441151070065836039',709,392,'2024-12-04 09:30:34'),(28,5,'7444486933813657608',326,'7441151070065836039',12,314,'2024-12-04 09:31:51'),(29,5,'7444495707089682439',330,'7441151070065836039',11,319,'2024-12-04 10:05:46'),(30,5,'7444736176109502471',330,'7441151070065836039',11,319,'2024-12-05 01:39:15'),(31,5,'chatcmpl-Acpk7cshiXkpX0ZcvS9OQS4Z96uR8',33,'7441151070065836039',10,23,'2024-12-10 08:18:47'),(32,5,'chatcmpl-Acpn0swjpxcHtjDsLqDaxhoZZn8Ug',33,'7441151070065836039',10,23,'2024-12-10 08:21:47'),(33,5,'chatcmpl-Acpzaz95HCEgJGehUNvdpXMsj5eiX',965,'7441151070065836039',851,114,'2024-12-10 08:34:54'),(34,5,'chatcmpl-Ad5y6TpGuldKShvkXNyk2z9MG9e8D',17,'7441151070065836039',2,15,'2024-12-11 01:38:16'),(35,5,'17340580336575',19,'tts-1',19,19,'2024-12-13 02:47:13'),(36,5,'chatcmpl-AdrhoKnzZHNJSTjf0lPJG0JSspFNu',643,'7441151070065836039',569,74,'2024-12-13 04:36:49'),(37,5,'chatcmpl-AdrvJD5lBRLF25fVVvjt0rE4JanFP',93,'7441151070065836039',66,27,'2024-12-13 04:50:38'),(38,5,'17340654830335',41,'tts-1',41,41,'2024-12-13 04:51:23'),(39,5,'17340655004425',41,'tts-1',41,41,'2024-12-13 04:51:40'),(40,5,'17340806878995',30,'tts-1',30,30,'2024-12-13 09:04:48'),(41,5,'chatcmpl-AdwD4qMJRcsi2qvKUI0iNqNP4jsh8',40,'7441151070065836039',11,29,'2024-12-13 09:25:15'),(42,5,'chatcmpl-AdwQnKHtUNBIfvouSTIv56XIMTjYs',941,'7441151070065836039',829,112,'2024-12-13 09:39:36'),(43,5,'chatcmpl-AfHKKVDetcojD1IoNNs7iB3SbigpT',17,'7441151070065836039',2,15,'2024-12-17 02:10:16'),(44,5,'17344037804625',30,'tts-1',30,30,'2024-12-17 02:49:40'),(45,5,'17344089468245',11,'tts-1',11,11,'2024-12-17 04:15:46'),(46,5,'chatcmpl-AfN2AzgpOAl8UhzpcqyhwJMGgT1aJ',690,'7441151070065836039',626,64,'2024-12-17 08:16:04'),(47,5,'chatcmpl-AfN3eJdjYplOvsZ6oBIOPafVbzp5o',770,'7441151070065836039',711,59,'2024-12-17 08:17:38'),(48,5,'chatcmpl-AfN5HBdohrJc7Xl9fxwus34UlF4yD',551,'7441151070065836039',532,19,'2024-12-17 08:19:14'),(49,5,'chatcmpl-Ag7mZeOo1fmU09o3nL6KFn9mmmtxZ',365,'7441151070065836039',307,58,'2024-12-19 10:11:01'),(50,5,'chatcmpl-Ag7mqnVCwM12S93yfM2Cs0rESG5hk',528,'7441151070065836039',508,20,'2024-12-19 10:11:23'),(51,5,'chatcmpl-Ag7oCu7AVovPXZctJ3kwMuKdkgsBr',37034,'7441151070065836039',172,36862,'2024-12-19 10:12:42'),(52,5,'chatcmpl-Ag7pjYi3rAZALyE7ZP6b6ydLfBtPU',292,'7441151070065836039',274,18,'2024-12-19 10:14:29'),(53,5,'chatcmpl-Ag7qJPurukHBtniTn6F4ooG7tPNx0',75,'gpt-3.5-turbo',57,18,'2024-12-19 10:14:49'),(54,5,'chatcmpl-Ag7q54sO6GULhIcVdqmYN9XVn1qKm',1436,'7441151070065836039',242,1194,'2024-12-19 10:14:50'),(55,5,'chatcmpl-AgAbyEzkxrThHbUAmOxBBN3daA77x',1427,'7441151070065836039',233,1194,'2024-12-19 13:12:23'),(56,5,'17346139738625',12,'tts-1',12,12,'2024-12-19 13:12:53'),(57,5,'chatcmpl-AgRGs716bMkZ8m93Bb78ReU1AL3Ep',807,'7441151070065836039',730,77,'2024-12-20 06:59:46'),(58,5,'17346781684405',2000,'dall-e-3',43,43,'2024-12-20 07:02:48'),(59,5,'17346785031495',12,'tts-1',12,12,'2024-12-20 07:08:23'),(60,5,'chatcmpl-AgRqN2NCDHqqSiCK2uxBz8R3uMQwK',944,'7441151070065836039',857,87,'2024-12-20 07:36:23'),(61,5,'chatcmpl-AgS63kQNy5Prk8DcaZQ4a56mnKzyj',460,'7441151070065836039',384,76,'2024-12-20 07:52:27'),(62,5,'chatcmpl-AgS6CeYOInkOf9eCiXj06uk4FC5ie',978,'7441151070065836039',803,175,'2024-12-20 07:53:05'),(63,5,'17346813149645',2,'tts-1',2,2,'2024-12-20 07:55:14'),(64,5,'17346813313155',2000,'dall-e-3',32,32,'2024-12-20 07:55:31'),(65,5,'chatcmpl-AgS9QHXbd28sHB0CbB8KL5bAIJ05p',31,'7441151070065836039',4,27,'2024-12-20 07:55:51'),(66,5,'chatcmpl-AgSLVb7S1p1BwN4EqCGSNYy8aAXFd',380,'7441151070065836039',294,86,'2024-12-20 08:08:26'),(67,5,'chatcmpl-AgTBxs8jiVoeBI0c7k3j3qqGVdyr5',777,'7441151070065836039',690,87,'2024-12-20 09:02:44'),(68,5,'17346856976155',2000,'dall-e-3',32,32,'2024-12-20 09:08:17'),(69,5,'17346870642485',28,'tts-1',28,28,'2024-12-20 09:31:04'),(70,5,'chatcmpl-AhTLhzP1DQblt5RJA4NM5bhVwnLJV',737,'7441151070065836039',652,85,'2024-12-23 03:24:53'),(71,5,'chatcmpl-AhU7WPDL528yZUc7NfZNL5K5hB891',916,'7441151070065836039',831,85,'2024-12-23 04:14:21'),(72,5,'chatcmpl-AhUMDWX62Z7d9y2jw1KwZVuABC8Rl',904,'7441151070065836039',817,87,'2024-12-23 04:29:31'),(73,5,'chatcmpl-AhUYHijiE7bv3lh9Ox4ox0z0UvDsI',1333,'7441151070065836039',367,966,'2024-12-23 04:41:54'),(74,5,'chatcmpl-AhUfbnrSPaX5fxz6QRUKweehBhly3',985,'7441151070065836039',814,171,'2024-12-23 04:49:36'),(75,5,'17349430960335',2000,'dall-e-3',32,32,'2024-12-23 08:38:16'),(76,5,'17349470485705',22,'tts-1',22,22,'2024-12-23 09:44:08'),(77,5,'chatcmpl-AhZINhZhAYtLIUMMGzK0XIHytWCNC',481,'7441151070065836039',404,77,'2024-12-23 09:45:50'),(78,5,'chatcmpl-AhoRuyCgfbrX1lrPGJwongJ1PbruL',827,'7441151070065836039',741,86,'2024-12-24 01:56:43'),(79,5,'chatcmpl-AhoSgzOb6sPbgvJ1l290BTBsUHmCA',39,'7441151070065836039',14,25,'2024-12-24 01:57:23'),(80,5,'chatcmpl-AhoSzi3mtfLLgoGFCPMrr1gUJQt8a',814,'7441151070065836039',728,86,'2024-12-24 01:57:52'),(81,5,'chatcmpl-AhobJwZXdRANjC6a4tIElBRg5yPBP',806,'7441151070065836039',714,92,'2024-12-24 02:06:27'),(82,5,'chatcmpl-AhobbHAgtbbtctYeB5ctpqHtTS1dH',812,'7441151070065836039',719,93,'2024-12-24 02:06:45'),(83,5,'chatcmpl-AhocwtwmQLqcr4Vf5N2Z6biGBC2hQ',45,'7441151070065836039',8,37,'2024-12-24 02:07:59'),(84,5,'chatcmpl-AhoeswNSje8NMC3odrwGEcq2KHhMu',886,'7441151070065836039',805,81,'2024-12-24 02:10:10'),(85,5,'chatcmpl-AhofOXbEy41J8phO00QrCeGnevqNn',800,'7441151070065836039',705,95,'2024-12-24 02:10:55'),(86,5,'chatcmpl-Ahoh9G8QcQ7RF9WAui7QhkQ3F9795',841,'7441151070065836039',751,90,'2024-12-24 02:12:31'),(87,5,'chatcmpl-AhojFJllcsboMx5drHIuxtZZ9g5E2',908,'7441151070065836039',819,89,'2024-12-24 02:14:42'),(88,5,'chatcmpl-AhonUmY0efSibmOozTyCtsnOHCM3O',801,'7441151070065836039',709,92,'2024-12-24 02:19:09'),(89,5,'chatcmpl-Ahop34ElNKKEkBOnfhy8LQHVW9neY',33,'7441151070065836039',3,30,'2024-12-24 02:20:30'),(90,5,'chatcmpl-AhotcWYKJEkrgfP7NPFr0RntmYVAg',44,'7441151070065836039',14,30,'2024-12-24 02:25:13'),(91,5,'chatcmpl-AhpAL8CuXzkNQApWzvvhwa36Qskbz',30,'7441151070065836039',2,28,'2024-12-24 02:42:30'),(92,5,'chatcmpl-AhvyMa3PpwP3Dc4GZ59anirL8ftkB',31,'7441151070065836039',2,29,'2024-12-24 09:58:36'),(93,5,'chatcmpl-AhvycgMwVRXC6ed5PAUDHQUmOllyx',77,'7441151070065836039',46,31,'2024-12-24 09:58:52'),(94,5,'chatcmpl-AhvylGDxGtTjIupZquDErcRW37u7v',53,'7441151070065836039',21,32,'2024-12-24 09:59:00'),(95,5,'chatcmpl-AhvzPY8xVGLwaFpCRFxSLwi2vUzlZ',40,'7441151070065836039',7,33,'2024-12-24 09:59:40'),(96,5,'chatcmpl-AhvzSIFWLHtBXtRliSwKaAl5hvOBl',40,'7441151070065836039',7,33,'2024-12-24 09:59:44'),(97,5,'chatcmpl-AhvzUKedjLKimQ4Ik3MyhHQo1HuwM',40,'7441151070065836039',7,33,'2024-12-24 09:59:46'),(98,5,'chatcmpl-Ahw5tNAMWqKa0L0PfrFHyLeNQOCDm',40,'7441151070065836039',7,33,'2024-12-24 10:06:22'),(99,5,'chatcmpl-Ahw60c5IHyIMjRGFK1YslK5KatI1A',40,'7441151070065836039',7,33,'2024-12-24 10:06:29'),(100,5,'chatcmpl-Ahw6iWHPOZDTzbKYnjwL9Qts2CcZg',39,'7441151070065836039',7,32,'2024-12-24 10:07:13'),(101,5,'chatcmpl-Ahw7NeZV4Kzi1dVCXXeMmcchZ403O',84,'7441151070065836039',54,30,'2024-12-24 10:07:55'),(102,5,'chatcmpl-AhwEhhaFmfurv23WESbkdiwMr9BCR',30,'7441151070065836039',2,28,'2024-12-24 10:15:28'),(103,5,'chatcmpl-AhwJoYhXJfp1U4kkaAsouCuJV6lQX',43,'7441151070065836039',14,29,'2024-12-24 10:20:46'),(104,5,'chatcmpl-Ak23SoCsq6UkEEbPL3e3obPncjpgL',765,'7441151070065836039',680,85,'2024-12-30 04:52:54'),(105,5,'chatcmpl-Ak3s0DdcThp5oCp6VZKJgkQSohRyI',33,'7441151070065836039',9,24,'2024-12-30 06:48:48'),(106,5,'chatcmpl-Ak42aCB4mAFEvM68dSaGJEzKFJ6J4',68,'gpt-4o',44,24,'2024-12-30 06:59:43'),(107,5,'chatcmpl-Ak47J8YvkZkt4ge5T1gIi9igCGWJk',64,'7441151070065836039',38,26,'2024-12-30 07:04:37'),(108,5,'chatcmpl-Ak5ro9MIVeWbqFNpezFV4ucoM59tb',70,'7441151070065836039',47,23,'2024-12-30 08:56:44'),(109,5,'chatcmpl-Ak5ru2QuxhkzrbGB8bijLQOkTmDLC',76,'7441151070065836039',52,24,'2024-12-30 08:56:50');
/*!40000 ALTER TABLE `token_usages` ENABLE KEYS */;
UNLOCK TABLES;

--
-- Table structure for table `users`
--

DROP TABLE IF EXISTS `users`;
/*!40101 SET @saved_cs_client     = @@character_set_client */;
/*!50503 SET character_set_client = utf8mb4 */;
CREATE TABLE `users` (
  `id` int NOT NULL AUTO_INCREMENT,
  `phone` varchar(255) NOT NULL,
  `name` varchar(255) NOT NULL,
  `role` varchar(255) NOT NULL DEFAULT 'user',
  `username` varchar(255) NOT NULL,
  `email` varchar(255) NOT NULL,
  `is_email_verified` tinyint(1) DEFAULT '0',
  `is_phone_verified` tinyint(1) DEFAULT '0',
  `token_device` varchar(255) DEFAULT NULL,
  `password` varchar(255) NOT NULL,
  `created_at` datetime DEFAULT NULL,
  `updated_at` datetime DEFAULT NULL,
  `number_devices` int DEFAULT '1',
  PRIMARY KEY (`id`),
  UNIQUE KEY `phone` (`phone`),
  UNIQUE KEY `email` (`email`)
) ENGINE=InnoDB AUTO_INCREMENT=10 DEFAULT CHARSET=utf8mb4 COLLATE=utf8mb4_0900_ai_ci;
/*!40101 SET character_set_client = @saved_cs_client */;

--
-- Dumping data for table `users`
--

LOCK TABLES `users` WRITE;
/*!40000 ALTER TABLE `users` DISABLE KEYS */;
INSERT INTO `users` VALUES (1,'0398397591','Huynh Minh Ha','user','thaopro','hadep12a@gmail.com',1,0,NULL,'$2a$08$SCw/htG.Ab49l.tKgI84dOHRY3SWM/Rq4Eu90evtflscv9Hg0IO3e','2024-11-20 04:35:32','2024-11-20 04:35:32',1),(2,'0335190587','Huynh Minh Ha','admin','minhha2k3','hahuynh.ou@gmail.com',1,0,NULL,'$2a$08$MkAcMxfnlp2/zQwkESMTrOSa2yXw4MW0lIS0btoRjJZt4.MZeLrom','2024-11-20 07:39:25','2024-11-20 07:39:25',1),(3,'0398397590','Huỳnh Minh Hà','user','minhha2k4','hadep8a@gmail.com',1,0,NULL,'$2a$08$7a56GxvZTtVNWb.Rw6Gx4e2EMd6NmPQm1zihU590gL6KMr6OvmHbm','2024-11-22 07:28:29','2024-11-22 07:28:29',1),(4,'0398397592','Huỳnh Minh Hà','user','minhha2k5','hadep2a@gmail.com',1,0,NULL,'$2a$08$ba7CauJvQFXzvck/..gJaeaLQRvvwWAVm9avvHiydmKmZxI0tKw2S','2024-11-22 07:33:10','2024-11-22 07:33:10',1),(5,'0398397599','Huỳnh Minh Hàgg','admin','minhha2k10','hadep20a@gmail.com',1,0,NULL,'$2a$08$S4ke4IVYv0zsD0Zs1aeePO8HJijsnHrIMjUbNI1FjXdNgOBJRi6mS','2024-11-23 01:27:13','2024-12-17 03:46:21',1),(6,'0398397598','Huỳnh Minh Hà','user','minhha2k11','hadep9a@gmail.com',1,0,NULL,'$2a$08$t0Jn3ke7mlIRiw05/iRCjuUy0UdYgqjktYSwPPv8c5P9CCTctC8G6','2024-11-23 01:56:28','2024-11-23 01:56:28',1),(7,'0398397596','Huỳnh Minh Hà','user','minhha2k100','hadep7a@gmail.com',1,0,NULL,'$2a$08$yInAOTb5muZMK/nGnuipJOJotunO531n4gniGCyGCB5BkuDYVqVem','2024-11-29 03:32:18','2024-11-29 03:32:18',1),(8,'0399730616','Dep trai','user','ducvi','ngducvicc@gmail.com',1,0,NULL,'$2a$08$p44yvL44EiqObTmhY1hqZ.oDfxcP2Yqor6VdrNU5EcQlhHeTM39.6','2024-12-17 10:13:49','2024-12-17 10:13:49',1),(9,'0384754154','ngducvi','recruiter','Ngducvi','ngducviccc@gmail.com',1,0,NULL,'$2a$08$3VQbBwEojPUEefKU2FfGleZwhRwN26WjU41fgU1.V8DL68WOpXTD2','2024-12-24 08:33:55','2024-12-24 08:33:55',1);
/*!40000 ALTER TABLE `users` ENABLE KEYS */;
UNLOCK TABLES;

--
-- Table structure for table `wallets`
--

DROP TABLE IF EXISTS `wallets`;
/*!40101 SET @saved_cs_client     = @@character_set_client */;
/*!50503 SET character_set_client = utf8mb4 */;
CREATE TABLE `wallets` (
  `id` int NOT NULL AUTO_INCREMENT,
  `user_id` int NOT NULL,
  `balance` bigint DEFAULT '0',
  `created_at` datetime DEFAULT NULL,
  `expired_at` datetime DEFAULT NULL,
  PRIMARY KEY (`id`),
  KEY `user_id` (`user_id`),
  CONSTRAINT `wallets_ibfk_1` FOREIGN KEY (`user_id`) REFERENCES `users` (`id`)
) ENGINE=InnoDB AUTO_INCREMENT=10 DEFAULT CHARSET=utf8mb4 COLLATE=utf8mb4_0900_ai_ci;
/*!40101 SET character_set_client = @saved_cs_client */;

--
-- Dumping data for table `wallets`
--

LOCK TABLES `wallets` WRITE;
/*!40000 ALTER TABLE `wallets` DISABLE KEYS */;
INSERT INTO `wallets` VALUES (1,1,20000,'2024-11-20 04:36:12',NULL),(2,2,19950,'2024-11-20 07:41:07',NULL),(3,3,20000,'2024-11-22 07:28:50',NULL),(4,4,20000,'2024-11-22 07:35:48',NULL),(5,5,184710,'2024-11-23 01:27:27','2025-11-28 01:27:27'),(6,6,20000,'2024-11-23 01:56:41',NULL),(7,7,20000,'2024-11-29 03:32:30',NULL),(8,8,20000,'2024-12-17 10:13:59',NULL),(9,9,5000,'2024-12-24 08:34:09','2024-12-24 08:34:09');
/*!40000 ALTER TABLE `wallets` ENABLE KEYS */;
UNLOCK TABLES;
/*!40103 SET TIME_ZONE=@OLD_TIME_ZONE */;

/*!40101 SET SQL_MODE=@OLD_SQL_MODE */;
/*!40014 SET FOREIGN_KEY_CHECKS=@OLD_FOREIGN_KEY_CHECKS */;
/*!40014 SET UNIQUE_CHECKS=@OLD_UNIQUE_CHECKS */;
/*!40101 SET CHARACTER_SET_CLIENT=@OLD_CHARACTER_SET_CLIENT */;
/*!40101 SET CHARACTER_SET_RESULTS=@OLD_CHARACTER_SET_RESULTS */;
/*!40101 SET COLLATION_CONNECTION=@OLD_COLLATION_CONNECTION */;
/*!40111 SET SQL_NOTES=@OLD_SQL_NOTES */;

-- Dump completed on 2025-01-09 13:57:11
