-- MySQL dump 10.13  Distrib 8.0.34, for Win64 (x86_64)
--
-- Host: localhost    Database: dbts
-- ------------------------------------------------------
-- Server version	8.0.35

/*!40101 SET @OLD_CHARACTER_SET_CLIENT=@@CHARACTER_SET_CLIENT */;
/*!40101 SET @OLD_CHARACTER_SET_RESULTS=@@CHARACTER_SET_RESULTS */;
/*!40101 SET @OLD_COLLATION_CONNECTION=@@COLLATION_CONNECTION */;
/*!50503 SET NAMES utf8 */;
/*!40103 SET @OLD_TIME_ZONE=@@TIME_ZONE */;
/*!40103 SET TIME_ZONE='+00:00' */;
/*!40014 SET @OLD_UNIQUE_CHECKS=@@UNIQUE_CHECKS, UNIQUE_CHECKS=0 */;
/*!40014 SET @OLD_FOREIGN_KEY_CHECKS=@@FOREIGN_KEY_CHECKS, FOREIGN_KEY_CHECKS=0 */;
/*!40101 SET @OLD_SQL_MODE=@@SQL_MODE, SQL_MODE='NO_AUTO_VALUE_ON_ZERO' */;
/*!40111 SET @OLD_SQL_NOTES=@@SQL_NOTES, SQL_NOTES=0 */;

--
-- Table structure for table `categories`
--
DROP TABLE IF EXISTS `skills`;
/*!40101 SET @saved_cs_client     = @@character_set_client */;
/*!50503 SET character_set_client = utf8mb4 */;
CREATE TABLE `skills` (
  `skill_id` varchar(36) NOT NULL,
  `skill_name` varchar(255) NOT NULL,
  `description` text,
  `created_at` datetime DEFAULT NULL,
  `created_by` varchar(255) DEFAULT NULL,
  `last_modified_at` datetime(6) DEFAULT NULL,
  `last_modified_by` varchar(255) DEFAULT NULL,
  `version` int DEFAULT '1',
  PRIMARY KEY (`skill_id`),
  UNIQUE KEY `skill_name` (`skill_name`)
) ENGINE=InnoDB DEFAULT CHARSET=utf8mb4 COLLATE=utf8mb4_0900_ai_ci;
/*!40101 SET character_set_client = @saved_cs_client */;

--
-- Dumping data for table `skills`
--

LOCK TABLES `skills` WRITE;
/*!40000 ALTER TABLE `skills` DISABLE KEYS */;
INSERT INTO `skills` VALUES ('1f366a6b-ce9e-11ef-9430-2cf05db24bc7','JavaScript','A high-level, versatile programming language used for web development.','2025-01-09 22:26:39','admin','2025-01-09 22:26:39.000000','admin',1),('1f36858f-ce9e-11ef-9430-2cf05db24bc7','Node.js','A JavaScript runtime environment that allows running JavaScript on the server-side.','2025-01-09 22:26:39','admin','2025-01-09 22:26:39.000000','admin',1),('1f368875-ce9e-11ef-9430-2cf05db24bc7','React','A JavaScript library for building user interfaces, primarily for single-page applications.','2025-01-09 22:26:39','admin','2025-01-09 22:26:39.000000','admin',1),('1f3689ba-ce9e-11ef-9430-2cf05db24bc7','Python','A high-level programming language used for general-purpose programming and machine learning.','2025-01-09 22:26:39','admin','2025-01-09 22:26:39.000000','admin',1),('1f368ac7-ce9e-11ef-9430-2cf05db24bc7','SQL','Structured Query Language, used to manage and query relational databases.','2025-01-09 22:26:39','admin','2025-01-09 22:26:39.000000','admin',1),('1f368be2-ce9e-11ef-9430-2cf05db24bc7','Java','A widely-used object-oriented programming language for building mobile and web applications.','2025-01-09 22:26:39','admin','2025-01-09 22:26:39.000000','admin',1),('1f368cf1-ce9e-11ef-9430-2cf05db24bc7','C#','A modern, object-oriented programming language used for building Windows applications and web services.','2025-01-09 22:26:39','admin','2025-01-09 22:26:39.000000','admin',1),('1f368e1a-ce9e-11ef-9430-2cf05db24bc7','PHP','A server-side scripting language commonly used for web development and creating dynamic web pages.','2025-01-09 22:26:39','admin','2025-01-09 22:26:39.000000','admin',1);
/*!40000 ALTER TABLE `skills` ENABLE KEYS */;
UNLOCK TABLES;
/*!40103 SET TIME_ZONE=@OLD_TIME_ZONE */;

DROP TABLE IF EXISTS `categories`;
/*!40101 SET @saved_cs_client     = @@character_set_client */;
/*!50503 SET character_set_client = utf8mb4 */;
CREATE TABLE `categories` (
  `category_id` varchar(36) NOT NULL,
  `category_name` varchar(255) NOT NULL,
  `description` text,
  `created_at` datetime DEFAULT NULL,
  `created_by` varchar(255) DEFAULT NULL,
  `last_modified_at` datetime(6) DEFAULT NULL,
  `last_modified_by` varchar(255) DEFAULT NULL,
  `version` int DEFAULT '1',
  `parent_category_id` varchar(36) DEFAULT NULL,
  `level` int DEFAULT '1',
  PRIMARY KEY (`category_id`),
  UNIQUE KEY `category_name` (`category_name`),
  KEY `fk_parent_category` (`parent_category_id`),
  CONSTRAINT `fk_parent_category` FOREIGN KEY (`parent_category_id`) REFERENCES `categories` (`category_id`) ON DELETE SET NULL ON UPDATE CASCADE
) ENGINE=InnoDB DEFAULT CHARSET=utf8mb4 COLLATE=utf8mb4_0900_ai_ci;
/*!40101 SET character_set_client = @saved_cs_client */;

--
-- Dumping data for table `categories`
--

LOCK TABLES `categories` WRITE;
/*!40000 ALTER TABLE `categories` DISABLE KEYS */;
INSERT INTO `categories` VALUES ('018c8eba-30f3-11f0-b8c0-2cf05db24bc7','Tư vấn/Phân tích chuyên môn',NULL,'2025-05-15 01:41:10','user','2025-05-15 01:41:10.000000','user',1,'a17a6226-3086-11f0-b8c0-2cf05db24bc7',2),('01e3f188-30f0-11f0-b8c0-2cf05db24bc7','Lễ tân/Đón tiếp',NULL,'2025-05-15 01:19:43','user','2025-05-15 01:19:43.000000','user',1,'b32f8904-30ef-11f0-b8c0-2cf05db24bc7',3),('01e407ea-30f0-11f0-b8c0-2cf05db24bc7','Buồng phòng',NULL,'2025-05-15 01:19:43','user','2025-05-15 01:19:43.000000','user',1,'b32f8904-30ef-11f0-b8c0-2cf05db24bc7',3),('01e40a66-30f0-11f0-b8c0-2cf05db24bc7','Quản lý khách sạn',NULL,'2025-05-15 01:19:43','user','2025-05-15 01:19:43.000000','user',1,'b32f8904-30ef-11f0-b8c0-2cf05db24bc7',3),('01e40c4f-30f0-11f0-b8c0-2cf05db24bc7','Bellman (nhân viên hành lý)',NULL,'2025-05-15 01:19:43','user','2025-05-15 01:19:43.000000','user',1,'b32f8904-30ef-11f0-b8c0-2cf05db24bc7',3),('01e46b24-30f0-11f0-b8c0-2cf05db24bc7','Giặt là',NULL,'2025-05-15 01:19:43','user','2025-05-15 01:19:43.000000','user',1,'b32f8904-30ef-11f0-b8c0-2cf05db24bc7',3),('01e46ea0-30f0-11f0-b8c0-2cf05db24bc7','Chuyên môn Khách sạn/Dịch vụ cư trú khác',NULL,'2025-05-15 01:19:43','user','2025-05-15 01:19:43.000000','user',1,'b32f8904-30ef-11f0-b8c0-2cf05db24bc7',3),('01e470d6-30f0-11f0-b8c0-2cf05db24bc7','Quản lý homestay',NULL,'2025-05-15 01:19:43','user','2025-05-15 01:19:43.000000','user',1,'b32f8904-30ef-11f0-b8c0-2cf05db24bc7',3),('01e472fe-30f0-11f0-b8c0-2cf05db24bc7','Nhân viên đỗ xe (Valet Parking)',NULL,'2025-05-15 01:19:43','user','2025-05-15 01:19:43.000000','user',1,'b32f8904-30ef-11f0-b8c0-2cf05db24bc7',3),('022a1bba-30eb-11f0-b8c0-2cf05db24bc7','Sales Giáo dục và Khoá học',NULL,'2025-05-15 00:43:56','user','2025-05-15 00:43:56.000000','user',1,'a17a351a-3086-11f0-b8c0-2cf05db24bc7',2),('022a464e-30eb-11f0-b8c0-2cf05db24bc7','Giáo viên/Giảng viên/Gia sư',NULL,'2025-05-15 00:43:56','user','2025-05-15 00:43:56.000000','user',1,'a17a351a-3086-11f0-b8c0-2cf05db24bc7',2),('022a4805-30eb-11f0-b8c0-2cf05db24bc7','Giáo dục/Đào tạo khác',NULL,'2025-05-15 00:43:56','user','2025-05-15 00:43:56.000000','user',1,'a17a351a-3086-11f0-b8c0-2cf05db24bc7',2),('022a494b-30eb-11f0-b8c0-2cf05db24bc7','Quản lý/Hỗ trợ lớp học',NULL,'2025-05-15 00:43:56','user','2025-05-15 00:43:56.000000','user',1,'a17a351a-3086-11f0-b8c0-2cf05db24bc7',2),('022a4a61-30eb-11f0-b8c0-2cf05db24bc7','Quản lý giáo dục',NULL,'2025-05-15 00:43:56','user','2025-05-15 00:43:56.000000','user',1,'a17a351a-3086-11f0-b8c0-2cf05db24bc7',2),('0334f152-308c-11f0-b8c0-2cf05db24bc7','Quảng cáo/Sáng tạo',NULL,'2025-05-14 13:23:55','user','2025-05-14 13:23:55.000000','user',1,'cntt',2),('0335066f-308c-11f0-b8c0-2cf05db24bc7','Sales dịch vụ Quảng cáo/Triển lãm/Sự kiện',NULL,'2025-05-14 13:23:55','user','2025-05-14 13:23:55.000000','user',1,'a179dcc8-3086-11f0-b8c0-2cf05db24bc7',2),('0a918d90-30f2-11f0-b8c0-2cf05db24bc7','Thu hồi nợ',NULL,'2025-05-15 01:34:16','user','2025-05-15 01:34:16.000000','user',1,'d2c75075-30f1-11f0-b8c0-2cf05db24bc7',3),('0a91a1da-30f2-11f0-b8c0-2cf05db24bc7','Quản trị rủi ro',NULL,'2025-05-15 01:34:16','user','2025-05-15 01:34:16.000000','user',1,'d2c75075-30f1-11f0-b8c0-2cf05db24bc7',3),('0a91a4e4-30f2-11f0-b8c0-2cf05db24bc7','Định giá tài sản',NULL,'2025-05-15 01:34:16','user','2025-05-15 01:34:16.000000','user',1,'d2c75075-30f1-11f0-b8c0-2cf05db24bc7',3),('0a91a9ea-30f2-11f0-b8c0-2cf05db24bc7','Thẩm định tín dụng',NULL,'2025-05-15 01:34:16','user','2025-05-15 01:34:16.000000','user',1,'d2c75075-30f1-11f0-b8c0-2cf05db24bc7',3),('0a91ab23-30f2-11f0-b8c0-2cf05db24bc7','Chuyên môn Thẩm định và quản trị rủi ro khác',NULL,'2025-05-15 01:34:16','user','2025-05-15 01:34:16.000000','user',1,'d2c75075-30f1-11f0-b8c0-2cf05db24bc7',3),('0a91ac52-30f2-11f0-b8c0-2cf05db24bc7','Phòng chống rửa tiền',NULL,'2025-05-15 01:34:16','user','2025-05-15 01:34:16.000000','user',1,'d2c75075-30f1-11f0-b8c0-2cf05db24bc7',3),('0a91cdf9-30f2-11f0-b8c0-2cf05db24bc7','Quản lý thanh khoản',NULL,'2025-05-15 01:34:16','user','2025-05-15 01:34:16.000000','user',1,'d2c75075-30f1-11f0-b8c0-2cf05db24bc7',3),('0bf41c45-30ed-11f0-b8c0-2cf05db24bc7','Chuyên viên thuế',NULL,'2025-05-15 00:58:31','user','2025-05-15 00:58:31.000000','user',1,'aefe1815-30ec-11f0-b8c0-2cf05db24bc7',3),('0bf426a1-30ed-11f0-b8c0-2cf05db24bc7','Chuyên môn Thuế khác',NULL,'2025-05-15 00:58:31','user','2025-05-15 00:58:31.000000','user',1,'aefe1815-30ec-11f0-b8c0-2cf05db24bc7',3),('11fc4d83-30e9-11f0-b8c0-2cf05db24bc7','Điện/Tự động hoá',NULL,'2025-05-15 00:30:03','user','2025-05-15 00:30:03.000000','user',1,'a17a59e8-3086-11f0-b8c0-2cf05db24bc7',2),('11fc7675-30e9-11f0-b8c0-2cf05db24bc7','Vận hành và bảo trì/Hỗ trợ kỹ thuật',NULL,'2025-05-15 00:30:03','user','2025-05-15 00:30:03.000000','user',1,'a17a59e8-3086-11f0-b8c0-2cf05db24bc7',2),('11fc7905-30e9-11f0-b8c0-2cf05db24bc7','Sales Điện/Điện tử/Viễn thông',NULL,'2025-05-15 00:30:03','user','2025-05-15 00:30:03.000000','user',1,'a17a59e8-3086-11f0-b8c0-2cf05db24bc7',2),('1729af91-30f1-11f0-b8c0-2cf05db24bc7','Vận hành sản xuất',NULL,'2025-05-15 01:27:28','user','2025-05-15 01:27:28.000000','user',1,'a17a2ccd-3086-11f0-b8c0-2cf05db24bc7',2),('1729cedb-30f1-11f0-b8c0-2cf05db24bc7','Quản lý chất lượng',NULL,'2025-05-15 01:27:28','user','2025-05-15 01:27:28.000000','user',1,'a17a2ccd-3086-11f0-b8c0-2cf05db24bc7',2),('1729d16c-30f1-11f0-b8c0-2cf05db24bc7','Thiết kế/chế tạo máy',NULL,'2025-05-15 01:27:28','user','2025-05-15 01:27:28.000000','user',1,'a17a2ccd-3086-11f0-b8c0-2cf05db24bc7',2),('1729e420-30f1-11f0-b8c0-2cf05db24bc7','Bảo trì, sửa chữa',NULL,'2025-05-15 01:27:28','user','2025-05-15 01:27:28.000000','user',1,'a17a2ccd-3086-11f0-b8c0-2cf05db24bc7',2),('1729e590-30f1-11f0-b8c0-2cf05db24bc7','Sales Sản xuất',NULL,'2025-05-15 01:27:28','user','2025-05-15 01:27:28.000000','user',1,'a17a2ccd-3086-11f0-b8c0-2cf05db24bc7',2),('18132ddf-30e6-11f0-b8c0-2cf05db24bc7','Chuyên môn Dịch vụ khách hàng/Vận hành khác',NULL,'2025-05-15 00:08:45','user','2025-05-15 00:08:45.000000','user',1,'cad3aaf0-30e5-11f0-b8c0-2cf05db24bc7',3),('19552648-30f0-11f0-b8c0-2cf05db24bc7','Điều hành tour',NULL,'2025-05-15 01:20:22','user','2025-05-15 01:20:22.000000','user',1,'b32f8fbd-30ef-11f0-b8c0-2cf05db24bc7',3),('19553efa-30f0-11f0-b8c0-2cf05db24bc7','Nhân viên visa',NULL,'2025-05-15 01:20:22','user','2025-05-15 01:20:22.000000','user',1,'b32f8fbd-30ef-11f0-b8c0-2cf05db24bc7',3),('195540be-30f0-11f0-b8c0-2cf05db24bc7','Sales Tour, Kinh doanh du lịch',NULL,'2025-05-15 01:20:22','user','2025-05-15 01:20:22.000000','user',1,'b32f8fbd-30ef-11f0-b8c0-2cf05db24bc7',3),('19555035-30f0-11f0-b8c0-2cf05db24bc7','Chuyên môn Dịch vụ du lịch khác',NULL,'2025-05-15 01:20:22','user','2025-05-15 01:20:22.000000','user',1,'b32f8fbd-30ef-11f0-b8c0-2cf05db24bc7',3),('19555232-30f0-11f0-b8c0-2cf05db24bc7','Hướng dẫn viên du lịch',NULL,'2025-05-15 01:20:22','user','2025-05-15 01:20:22.000000','user',1,'b32f8fbd-30ef-11f0-b8c0-2cf05db24bc7',3),('1b85a670-30ea-11f0-b8c0-2cf05db24bc7','Sales Dược/Y,tế/Sức khoẻ/Làm đẹp',NULL,'2025-05-15 00:37:29','user','2025-05-15 00:37:29.000000','user',1,'a17ab7a7-3086-11f0-b8c0-2cf05db24bc7',2),('1b85cea0-30ea-11f0-b8c0-2cf05db24bc7','Nghề Y tá/Điều dưỡng',NULL,'2025-05-15 00:37:29','user','2025-05-15 00:37:29.000000','user',1,'a17ab7a7-3086-11f0-b8c0-2cf05db24bc7',2),('1b85d043-30ea-11f0-b8c0-2cf05db24bc7','Bác sĩ/Kỹ thuật viên',NULL,'2025-05-15 00:37:29','user','2025-05-15 00:37:29.000000','user',1,'a17ab7a7-3086-11f0-b8c0-2cf05db24bc7',2),('1b85d158-30ea-11f0-b8c0-2cf05db24bc7','Dược phẩm/Công nghệ sinh học',NULL,'2025-05-15 00:37:29','user','2025-05-15 00:37:29.000000','user',1,'a17ab7a7-3086-11f0-b8c0-2cf05db24bc7',2),('1bc07668-30f3-11f0-b8c0-2cf05db24bc7','Các vị trí tư vấn khác',NULL,'2025-05-15 01:41:54','user','2025-05-15 01:41:54.000000','user',1,'018c8eba-30f3-11f0-b8c0-2cf05db24bc7',3),('1bc07fa6-30f3-11f0-b8c0-2cf05db24bc7','Tư vấn quản lý doanh nghiệp',NULL,'2025-05-15 01:41:54','user','2025-05-15 01:41:54.000000','user',1,'018c8eba-30f3-11f0-b8c0-2cf05db24bc7',3),('1bc081ee-30f3-11f0-b8c0-2cf05db24bc7','Tư vấn chiến lược',NULL,'2025-05-15 01:41:54','user','2025-05-15 01:41:54.000000','user',1,'018c8eba-30f3-11f0-b8c0-2cf05db24bc7',3),('1bc083fd-30f3-11f0-b8c0-2cf05db24bc7','Nghiên cứu thị trường (Market Research)',NULL,'2025-05-15 01:41:54','user','2025-05-15 01:41:54.000000','user',1,'018c8eba-30f3-11f0-b8c0-2cf05db24bc7',3),('1bc08d72-30f3-11f0-b8c0-2cf05db24bc7','Tư vấn CNTT/IT consultant',NULL,'2025-05-15 01:41:54','user','2025-05-15 01:41:54.000000','user',1,'018c8eba-30f3-11f0-b8c0-2cf05db24bc7',3),('1bc0925f-30f3-11f0-b8c0-2cf05db24bc7','Phân tích dữ liệu',NULL,'2025-05-15 01:41:54','user','2025-05-15 01:41:54.000000','user',1,'018c8eba-30f3-11f0-b8c0-2cf05db24bc7',3),('1bc09496-30f3-11f0-b8c0-2cf05db24bc7','Tư vấn tài chính ',NULL,'2025-05-15 01:41:54','user','2025-05-15 01:41:54.000000','user',1,'018c8eba-30f3-11f0-b8c0-2cf05db24bc7',3),('1bc096fa-30f3-11f0-b8c0-2cf05db24bc7','Tư vấn headhunting',NULL,'2025-05-15 01:41:54','user','2025-05-15 01:41:54.000000','user',1,'018c8eba-30f3-11f0-b8c0-2cf05db24bc7',3),('274bd964-30ec-11f0-b8c0-2cf05db24bc7','Tư vấn tuyển sinh/khoá học',NULL,'2025-05-15 00:52:07','user','2025-05-15 00:52:07.000000','user',1,'022a1bba-30eb-11f0-b8c0-2cf05db24bc7',3),('274dcf36-30ec-11f0-b8c0-2cf05db24bc7','Sales Giáo dục/Khoá học khác',NULL,'2025-05-15 00:52:07','user','2025-05-15 00:52:07.000000','user',1,'022a1bba-30eb-11f0-b8c0-2cf05db24bc7',3),('274dd276-30ec-11f0-b8c0-2cf05db24bc7','Tư vấn du học',NULL,'2025-05-15 00:52:07','user','2025-05-15 00:52:07.000000','user',1,'022a1bba-30eb-11f0-b8c0-2cf05db24bc7',3),('28e64ae0-30e5-11f0-b8c0-2cf05db24bc7','Thiết kế cảnh quan',NULL,'2025-05-15 00:02:04','user','2025-05-15 00:02:04.000000','user',1,'7061445e-30e4-11f0-b8c0-2cf05db24bc7',3),('2f940bf3-30e6-11f0-b8c0-2cf05db24bc7','Quản lý/Trưởng phòng vận hành',NULL,'2025-05-15 00:09:24','user','2025-05-15 00:09:24.000000','user',1,'cad4596c-30e5-11f0-b8c0-2cf05db24bc7',3),('2f941946-30e6-11f0-b8c0-2cf05db24bc7','Giám đốc vận hành/COO',NULL,'2025-05-15 00:09:24','user','2025-05-15 00:09:24.000000','user',1,'cad4596c-30e5-11f0-b8c0-2cf05db24bc7',3),('2f941b81-30e6-11f0-b8c0-2cf05db24bc7','Giám đốc dịch vụ khách hàng',NULL,'2025-05-15 00:09:24','user','2025-05-15 00:09:24.000000','user',1,'cad4596c-30e5-11f0-b8c0-2cf05db24bc7',3),('3a1ed67e-30f1-11f0-b8c0-2cf05db24bc7','Thủ kho/Quản lý kho',NULL,'2025-05-15 01:28:26','user','2025-05-15 01:28:26.000000','user',1,'1729af91-30f1-11f0-b8c0-2cf05db24bc7',3),('3a1ff95a-30f1-11f0-b8c0-2cf05db24bc7','Kế hoạch sản xuất',NULL,'2025-05-15 01:28:26','user','2025-05-15 01:28:26.000000','user',1,'1729af91-30f1-11f0-b8c0-2cf05db24bc7',3),('3a1ffb76-30f1-11f0-b8c0-2cf05db24bc7','Kỹ thuật sản xuất',NULL,'2025-05-15 01:28:26','user','2025-05-15 01:28:26.000000','user',1,'1729af91-30f1-11f0-b8c0-2cf05db24bc7',3),('3a1ffca2-30f1-11f0-b8c0-2cf05db24bc7','Quản đốc phân xưởng/nhà máy',NULL,'2025-05-15 01:28:26','user','2025-05-15 01:28:26.000000','user',1,'1729af91-30f1-11f0-b8c0-2cf05db24bc7',3),('3a1ffdd7-30f1-11f0-b8c0-2cf05db24bc7','Giám sát sản xuất',NULL,'2025-05-15 01:28:26','user','2025-05-15 01:28:26.000000','user',1,'1729af91-30f1-11f0-b8c0-2cf05db24bc7',3),('3a1fff3e-30f1-11f0-b8c0-2cf05db24bc7','Trưởng chuyền/Tổ trưởng sản xuất',NULL,'2025-05-15 01:28:26','user','2025-05-15 01:28:26.000000','user',1,'1729af91-30f1-11f0-b8c0-2cf05db24bc7',3),('3a200188-30f1-11f0-b8c0-2cf05db24bc7','Chuyên môn Vận hành sản xuất khác',NULL,'2025-05-15 01:28:26','user','2025-05-15 01:28:26.000000','user',1,'1729af91-30f1-11f0-b8c0-2cf05db24bc7',3),('3a2003b9-30f1-11f0-b8c0-2cf05db24bc7','Trưởng phòng sản xuất',NULL,'2025-05-15 01:28:26','user','2025-05-15 01:28:26.000000','user',1,'1729af91-30f1-11f0-b8c0-2cf05db24bc7',3),('3a200575-30f1-11f0-b8c0-2cf05db24bc7','Giám đốc sản xuất',NULL,'2025-05-15 01:28:26','user','2025-05-15 01:28:26.000000','user',1,'1729af91-30f1-11f0-b8c0-2cf05db24bc7',3),('42eca03e-30ef-11f0-b8c0-2cf05db24bc7','An toàn lao động/Môi trường',NULL,'2025-05-15 01:14:22','user','2025-05-15 01:14:22.000000','user',1,'a17add6c-3086-11f0-b8c0-2cf05db24bc7',2),('42eccb46-30ef-11f0-b8c0-2cf05db24bc7','Nông/Lâm/Ngư nghiệp',NULL,'2025-05-15 01:14:22','user','2025-05-15 01:14:22.000000','user',1,'a17add6c-3086-11f0-b8c0-2cf05db24bc7',2),('42eccf81-30ef-11f0-b8c0-2cf05db24bc7','Năng lượng/Địa chất',NULL,'2025-05-15 01:14:22','user','2025-05-15 01:14:22.000000','user',1,'a17add6c-3086-11f0-b8c0-2cf05db24bc7',2),('4431fc33-30f2-11f0-b8c0-2cf05db24bc7','Vận tải',NULL,'2025-05-15 01:35:53','user','2025-05-15 01:35:53.000000','user',1,'a17a5d9d-3086-11f0-b8c0-2cf05db24bc7',2),('44321a9b-30f2-11f0-b8c0-2cf05db24bc7','Hành chính (tài xế)',NULL,'2025-05-15 01:35:53','user','2025-05-15 01:35:53.000000','user',1,'a17a5d9d-3086-11f0-b8c0-2cf05db24bc7',2),('44321ed0-30f2-11f0-b8c0-2cf05db24bc7','Tài xế/Lái xe',NULL,'2025-05-15 01:35:53','user','2025-05-15 01:35:53.000000','user',1,'a17a5d9d-3086-11f0-b8c0-2cf05db24bc7',2),('44322252-30f2-11f0-b8c0-2cf05db24bc7','Đưa đón',NULL,'2025-05-15 01:35:53','user','2025-05-15 01:35:53.000000','user',1,'a17a5d9d-3086-11f0-b8c0-2cf05db24bc7',2),('44a41ea1-3089-11f0-b8c0-2cf05db24bc7','Sales Bán lẻ/Dịch vụ tiêu dùng khác',NULL,'2025-05-14 13:04:16','user','2025-05-14 13:04:16.000000','user',1,'a17a3c5e-3086-11f0-b8c0-2cf05db24bc7',2),('44a45603-3089-11f0-b8c0-2cf05db24bc7','Bán hàng thời trang',NULL,'2025-05-14 13:04:16','user','2025-05-14 13:04:16.000000','user',1,'44a41ea1-3089-11f0-b8c0-2cf05db24bc7',3),('44a46c79-3089-11f0-b8c0-2cf05db24bc7','Bán hàng siêu thị/cửa hàng tiện ích/tiện lợi',NULL,'2025-05-14 13:04:16','user','2025-05-14 13:04:16.000000','user',1,'44a41ea1-3089-11f0-b8c0-2cf05db24bc7',3),('44a46f11-3089-11f0-b8c0-2cf05db24bc7','Kinh doanh kênh GT',NULL,'2025-05-14 13:04:16','user','2025-05-14 13:04:16.000000','user',1,'44a41ea1-3089-11f0-b8c0-2cf05db24bc7',3),('44a4717d-3089-11f0-b8c0-2cf05db24bc7','Kinh doanh thực phẩm',NULL,'2025-05-14 13:04:16','user','2025-05-14 13:04:16.000000','user',1,'44a41ea1-3089-11f0-b8c0-2cf05db24bc7',3),('44a47e4b-3089-11f0-b8c0-2cf05db24bc7','Kinh doanh kênh MT',NULL,'2025-05-14 13:04:16','user','2025-05-14 13:04:16.000000','user',1,'44a41ea1-3089-11f0-b8c0-2cf05db24bc7',3),('44a48ba2-3089-11f0-b8c0-2cf05db24bc7','Bán hàng mỹ phẩm',NULL,'2025-05-14 13:04:16','user','2025-05-14 13:04:16.000000','user',1,'44a41ea1-3089-11f0-b8c0-2cf05db24bc7',3),('44a48e85-3089-11f0-b8c0-2cf05db24bc7','Bán hàng điện máy',NULL,'2025-05-14 13:04:16','user','2025-05-14 13:04:16.000000','user',1,'44a41ea1-3089-11f0-b8c0-2cf05db24bc7',3),('44a490de-3089-11f0-b8c0-2cf05db24bc7','Bán hàng điện thoại',NULL,'2025-05-14 13:04:16','user','2025-05-14 13:04:16.000000','user',1,'44a41ea1-3089-11f0-b8c0-2cf05db24bc7',3),('44a491f1-3089-11f0-b8c0-2cf05db24bc7','Bán hàng trang sức đá quý',NULL,'2025-05-14 13:04:16','user','2025-05-14 13:04:16.000000','user',1,'44a41ea1-3089-11f0-b8c0-2cf05db24bc7',3),('49c5dcc0-30f1-11f0-b8c0-2cf05db24bc7','Kiểm soát chất lượng (QC)',NULL,'2025-05-15 01:28:53','user','2025-05-15 01:28:53.000000','user',1,'1729cedb-30f1-11f0-b8c0-2cf05db24bc7',3),('49c5f64f-30f1-11f0-b8c0-2cf05db24bc7','Quản lý chất lượng (QA)',NULL,'2025-05-15 01:28:53','user','2025-05-15 01:28:53.000000','user',1,'1729cedb-30f1-11f0-b8c0-2cf05db24bc7',3),('49c5f8f2-30f1-11f0-b8c0-2cf05db24bc7','Quản lý chất lượng khác',NULL,'2025-05-15 01:28:53','user','2025-05-15 01:28:53.000000','user',1,'1729cedb-30f1-11f0-b8c0-2cf05db24bc7',3),('49c5fad9-30f1-11f0-b8c0-2cf05db24bc7','Kỹ thuật viên phòng thí nghiệm',NULL,'2025-05-15 01:28:53','user','2025-05-15 01:28:53.000000','user',1,'1729cedb-30f1-11f0-b8c0-2cf05db24bc7',3),('49c5fccc-30f1-11f0-b8c0-2cf05db24bc7','Kỹ sư phân tích lỗi (PE)',NULL,'2025-05-15 01:28:53','user','2025-05-15 01:28:53.000000','user',1,'1729cedb-30f1-11f0-b8c0-2cf05db24bc7',3),('49c60b9a-30f1-11f0-b8c0-2cf05db24bc7','Kỹ sư quản lý chất lượng nhà cung cấp (SQE)',NULL,'2025-05-15 01:28:53','user','2025-05-15 01:28:53.000000','user',1,'1729cedb-30f1-11f0-b8c0-2cf05db24bc7',3),('49c60f47-30f1-11f0-b8c0-2cf05db24bc7','Phát triển bao bì',NULL,'2025-05-15 01:28:53','user','2025-05-15 01:28:53.000000','user',1,'1729cedb-30f1-11f0-b8c0-2cf05db24bc7',3),('4ac3739f-30e7-11f0-b8c0-2cf05db24bc7','IT Infrastructure and Operations',NULL,'2025-05-15 00:17:19','user','2025-05-15 00:17:19.000000','user',1,'cntt',2),('4ac37e3d-30e7-11f0-b8c0-2cf05db24bc7','Software Testing',NULL,'2025-05-15 00:17:19','user','2025-05-15 00:17:19.000000','user',1,'cntt',2),('4ac38125-30e7-11f0-b8c0-2cf05db24bc7','Thiết kế Đồ hoạ/Giao diện/Trải nghiệm',NULL,'2025-05-15 00:17:19','user','2025-05-15 00:17:19.000000','user',1,'cntt',2),('4ac3849d-30e7-11f0-b8c0-2cf05db24bc7','Product Management',NULL,'2025-05-15 00:17:19','user','2025-05-15 00:17:19.000000','user',1,'cntt',2),('4ac38664-30e7-11f0-b8c0-2cf05db24bc7','IT Project Management',NULL,'2025-05-15 00:17:19','user','2025-05-15 00:17:19.000000','user',1,'cntt',2),('4ac387ec-30e7-11f0-b8c0-2cf05db24bc7','Game Development',NULL,'2025-05-15 00:17:19','user','2025-05-15 00:17:19.000000','user',1,'cntt',2),('4c987b20-30e9-11f0-b8c0-2cf05db24bc7','Kỹ sư điện',NULL,'2025-05-15 00:31:41','user','2025-05-15 00:31:41.000000','user',1,'11fc4d83-30e9-11f0-b8c0-2cf05db24bc7',3),('4c9883cc-30e9-11f0-b8c0-2cf05db24bc7','Kỹ sư tự động hóa',NULL,'2025-05-15 00:31:41','user','2025-05-15 00:31:41.000000','user',1,'11fc4d83-30e9-11f0-b8c0-2cf05db24bc7',3),('4c9885f2-30e9-11f0-b8c0-2cf05db24bc7','Kỹ sư thiết kế điện',NULL,'2025-05-15 00:31:41','user','2025-05-15 00:31:41.000000','user',1,'11fc4d83-30e9-11f0-b8c0-2cf05db24bc7',3),('4c98884e-30e9-11f0-b8c0-2cf05db24bc7','Chuyên môn Điện/Tự động hoá khác',NULL,'2025-05-15 00:31:41','user','2025-05-15 00:31:41.000000','user',1,'11fc4d83-30e9-11f0-b8c0-2cf05db24bc7',3),('4c988f23-30e9-11f0-b8c0-2cf05db24bc7','Thợ điện',NULL,'2025-05-15 00:31:41','user','2025-05-15 00:31:41.000000','user',1,'11fc4d83-30e9-11f0-b8c0-2cf05db24bc7',3),('4c989039-30e9-11f0-b8c0-2cf05db24bc7','Kỹ sư lập trình PLC/SCADA',NULL,'2025-05-15 00:31:41','user','2025-05-15 00:31:41.000000','user',1,'11fc4d83-30e9-11f0-b8c0-2cf05db24bc7',3),('4c989150-30e9-11f0-b8c0-2cf05db24bc7','Kỹ sư robot',NULL,'2025-05-15 00:31:41','user','2025-05-15 00:31:41.000000','user',1,'11fc4d83-30e9-11f0-b8c0-2cf05db24bc7',3),('4f5e833f-30ec-11f0-b8c0-2cf05db24bc7','Giáo viên tiếng Anh',NULL,'2025-05-15 00:53:15','user','2025-05-15 00:53:15.000000','user',1,'022a464e-30eb-11f0-b8c0-2cf05db24bc7',3),('4f66a582-30ec-11f0-b8c0-2cf05db24bc7','Giáo viên bộ môn khác',NULL,'2025-05-15 00:53:15','user','2025-05-15 00:53:15.000000','user',1,'022a464e-30eb-11f0-b8c0-2cf05db24bc7',3),('4f69dac2-30ec-11f0-b8c0-2cf05db24bc7','Giáo viên tiếng Trung',NULL,'2025-05-15 00:53:15','user','2025-05-15 00:53:15.000000','user',1,'022a464e-30eb-11f0-b8c0-2cf05db24bc7',3),('4f69ded4-30ec-11f0-b8c0-2cf05db24bc7','Giáo viên mầm non',NULL,'2025-05-15 00:53:15','user','2025-05-15 00:53:15.000000','user',1,'022a464e-30eb-11f0-b8c0-2cf05db24bc7',3),('4f6acdb8-30ec-11f0-b8c0-2cf05db24bc7','Giáo viên Toán',NULL,'2025-05-15 00:53:15','user','2025-05-15 00:53:15.000000','user',1,'022a464e-30eb-11f0-b8c0-2cf05db24bc7',3),('4f6acfc7-30ec-11f0-b8c0-2cf05db24bc7','Giáo viên tiếng Đức',NULL,'2025-05-15 00:53:15','user','2025-05-15 00:53:15.000000','user',1,'022a464e-30eb-11f0-b8c0-2cf05db24bc7',3),('4f6ad0d8-30ec-11f0-b8c0-2cf05db24bc7','Giảng viên thỉnh giảng',NULL,'2025-05-15 00:53:15','user','2025-05-15 00:53:15.000000','user',1,'022a464e-30eb-11f0-b8c0-2cf05db24bc7',3),('4f6ad1be-30ec-11f0-b8c0-2cf05db24bc7','Giáo viên tiếng Nhật',NULL,'2025-05-15 00:53:15','user','2025-05-15 00:53:15.000000','user',1,'022a464e-30eb-11f0-b8c0-2cf05db24bc7',3),('4f7fd302-30ec-11f0-b8c0-2cf05db24bc7','Giáo viên Tin học',NULL,'2025-05-15 00:53:15','user','2025-05-15 00:53:15.000000','user',1,'022a464e-30eb-11f0-b8c0-2cf05db24bc7',3),('4f7fd8be-30ec-11f0-b8c0-2cf05db24bc7','Giáo viên tiểu học',NULL,'2025-05-15 00:53:15','user','2025-05-15 00:53:15.000000','user',1,'022a464e-30eb-11f0-b8c0-2cf05db24bc7',3),('4f8a43f7-30e8-11f0-b8c0-2cf05db24bc7','UI/UX Design',NULL,'2025-05-15 00:24:37','user','2025-05-15 00:24:37.000000','user',1,'4ac38125-30e7-11f0-b8c0-2cf05db24bc7',3),('4f8b2e16-30e8-11f0-b8c0-2cf05db24bc7','3D Modeler',NULL,'2025-05-15 00:24:37','user','2025-05-15 00:24:37.000000','user',1,'4ac38125-30e7-11f0-b8c0-2cf05db24bc7',3),('4f8b30cf-30e8-11f0-b8c0-2cf05db24bc7','Illustration',NULL,'2025-05-15 00:24:37','user','2025-05-15 00:24:37.000000','user',1,'4ac38125-30e7-11f0-b8c0-2cf05db24bc7',3),('5abe0dd3-30f2-11f0-b8c0-2cf05db24bc7','Giám sát/Điều phối vận tải',NULL,'2025-05-15 01:36:31','user','2025-05-15 01:36:31.000000','user',1,'4431fc33-30f2-11f0-b8c0-2cf05db24bc7',3),('5abe2c82-30f2-11f0-b8c0-2cf05db24bc7','Tài xế xe tải/container',NULL,'2025-05-15 01:36:31','user','2025-05-15 01:36:31.000000','user',1,'4431fc33-30f2-11f0-b8c0-2cf05db24bc7',3),('5abe2ff0-30f2-11f0-b8c0-2cf05db24bc7','Dịch vụ vận tải khác',NULL,'2025-05-15 01:36:31','user','2025-05-15 01:36:31.000000','user',1,'4431fc33-30f2-11f0-b8c0-2cf05db24bc7',3),('5abe485d-30f2-11f0-b8c0-2cf05db24bc7','Phân loại/Sắp xếp hàng hoá',NULL,'2025-05-15 01:36:31','user','2025-05-15 01:36:31.000000','user',1,'4431fc33-30f2-11f0-b8c0-2cf05db24bc7',3),('5abe4b4a-30f2-11f0-b8c0-2cf05db24bc7','Tài xế lái xe chuyên dụng',NULL,'2025-05-15 01:36:31','user','2025-05-15 01:36:31.000000','user',1,'4431fc33-30f2-11f0-b8c0-2cf05db24bc7',3),('5abe4eb2-30f2-11f0-b8c0-2cf05db24bc7','Bốc xếp hàng hóa',NULL,'2025-05-15 01:36:31','user','2025-05-15 01:36:31.000000','user',1,'4431fc33-30f2-11f0-b8c0-2cf05db24bc7',3),('5abe50c1-30f2-11f0-b8c0-2cf05db24bc7','Tài xế lái xe nâng',NULL,'2025-05-15 01:36:31','user','2025-05-15 01:36:31.000000','user',1,'4431fc33-30f2-11f0-b8c0-2cf05db24bc7',3),('5abe534c-30f2-11f0-b8c0-2cf05db24bc7','Tài xế lái xe đường dài',NULL,'2025-05-15 01:36:31','user','2025-05-15 01:36:31.000000','user',1,'4431fc33-30f2-11f0-b8c0-2cf05db24bc7',3),('6264b769-30ef-11f0-b8c0-2cf05db24bc7','Kỹ sư môi trường',NULL,'2025-05-15 01:15:15','user','2025-05-15 01:15:15.000000','user',1,'42eca03e-30ef-11f0-b8c0-2cf05db24bc7',3),('6264cf24-30ef-11f0-b8c0-2cf05db24bc7','Nhân viên môi trường',NULL,'2025-05-15 01:15:15','user','2025-05-15 01:15:15.000000','user',1,'42eca03e-30ef-11f0-b8c0-2cf05db24bc7',3),('6264d2b4-30ef-11f0-b8c0-2cf05db24bc7','Vận hành hệ thống xử lý nước thải',NULL,'2025-05-15 01:15:15','user','2025-05-15 01:15:15.000000','user',1,'42eca03e-30ef-11f0-b8c0-2cf05db24bc7',3),('62d75abb-30ed-11f0-b8c0-2cf05db24bc7','Thu mua/Mua hàng',NULL,'2025-05-15 01:00:57','user','2025-05-15 01:00:57.000000','user',1,'a17a5bb7-3086-11f0-b8c0-2cf05db24bc7',2),('62d7871f-30ed-11f0-b8c0-2cf05db24bc7','Kho vận',NULL,'2025-05-15 01:00:57','user','2025-05-15 01:00:57.000000','user',1,'a17a5bb7-3086-11f0-b8c0-2cf05db24bc7',2),('62d78ae7-30ed-11f0-b8c0-2cf05db24bc7','Xuất nhập khẩu/Logistics',NULL,'2025-05-15 01:00:57','user','2025-05-15 01:00:57.000000','user',1,'a17a5bb7-3086-11f0-b8c0-2cf05db24bc7',2),('62d78c97-30ed-11f0-b8c0-2cf05db24bc7','Sales Xuất nhập khẩu/Logistics',NULL,'2025-05-15 01:00:57','user','2025-05-15 01:00:57.000000','user',1,'a17a5bb7-3086-11f0-b8c0-2cf05db24bc7',2),('688449ae-30ea-11f0-b8c0-2cf05db24bc7','Sales Dược/Y tế/Sức khoẻ/Làm đẹp khác',NULL,'2025-05-15 00:39:38','user','2025-05-15 00:39:38.000000','user',1,'1b85a670-30ea-11f0-b8c0-2cf05db24bc7',3),('68847c04-30ea-11f0-b8c0-2cf05db24bc7','Tư vấn thẩm mỹ/Spa',NULL,'2025-05-15 00:39:38','user','2025-05-15 00:39:38.000000','user',1,'1b85a670-30ea-11f0-b8c0-2cf05db24bc7',3),('68847dbc-30ea-11f0-b8c0-2cf05db24bc7','Trình dược viên',NULL,'2025-05-15 00:39:38','user','2025-05-15 00:39:38.000000','user',1,'1b85a670-30ea-11f0-b8c0-2cf05db24bc7',3),('68847ec4-30ea-11f0-b8c0-2cf05db24bc7','Kinh doanh thiết bị/vật tư y tế',NULL,'2025-05-15 00:39:38','user','2025-05-15 00:39:38.000000','user',1,'1b85a670-30ea-11f0-b8c0-2cf05db24bc7',3),('68847fd8-30ea-11f0-b8c0-2cf05db24bc7','Kinh doanh dịch vụ y tế',NULL,'2025-05-15 00:39:38','user','2025-05-15 00:39:38.000000','user',1,'1b85a670-30ea-11f0-b8c0-2cf05db24bc7',3),('688480e7-30ea-11f0-b8c0-2cf05db24bc7','Dược sĩ/Bán thuốc',NULL,'2025-05-15 00:39:38','user','2025-05-15 00:39:38.000000','user',1,'1b85d158-30ea-11f0-b8c0-2cf05db24bc7',3),('688481d9-30ea-11f0-b8c0-2cf05db24bc7','Tư vấn nha khoa',NULL,'2025-05-15 00:39:38','user','2025-05-15 00:39:38.000000','user',1,'1b85a670-30ea-11f0-b8c0-2cf05db24bc7',3),('6887a408-30f1-11f0-b8c0-2cf05db24bc7','Kỹ sư cơ khí',NULL,'2025-05-15 01:29:44','user','2025-05-15 01:29:44.000000','user',1,'1729d16c-30f1-11f0-b8c0-2cf05db24bc7',3),('6887cb3f-30f1-11f0-b8c0-2cf05db24bc7','Kỹ sư thiết kế cơ khí',NULL,'2025-05-15 01:29:44','user','2025-05-15 01:29:44.000000','user',1,'1729d16c-30f1-11f0-b8c0-2cf05db24bc7',3),('6887d130-30f1-11f0-b8c0-2cf05db24bc7','Kỹ sư tự động hóa (SX)',NULL,'2025-05-15 01:29:44','user','2025-05-15 01:29:44.000000','user',1,'1729d16c-30f1-11f0-b8c0-2cf05db24bc7',3),('6887d3ad-30f1-11f0-b8c0-2cf05db24bc7','Kỹ sư lập trình máy',NULL,'2025-05-15 01:29:44','user','2025-05-15 01:29:44.000000','user',1,'1729d16c-30f1-11f0-b8c0-2cf05db24bc7',3),('6887d5cb-30f1-11f0-b8c0-2cf05db24bc7','Chuyên môn Thiết kế/chế tạo máy khác',NULL,'2025-05-15 01:29:44','user','2025-05-15 01:29:44.000000','user',1,'1729d16c-30f1-11f0-b8c0-2cf05db24bc7',3),('6887d824-30f1-11f0-b8c0-2cf05db24bc7','Thợ tiện CNC',NULL,'2025-05-15 01:29:44','user','2025-05-15 01:29:44.000000','user',1,'1729d16c-30f1-11f0-b8c0-2cf05db24bc7',3),('6887d9c3-30f1-11f0-b8c0-2cf05db24bc7','Kỹ sư khuôn mẫu',NULL,'2025-05-15 01:29:44','user','2025-05-15 01:29:44.000000','user',1,'1729d16c-30f1-11f0-b8c0-2cf05db24bc7',3),('6887db3d-30f1-11f0-b8c0-2cf05db24bc7','Kỹ sư công nghiệp (IE)',NULL,'2025-05-15 01:29:44','user','2025-05-15 01:29:44.000000','user',1,'1729d16c-30f1-11f0-b8c0-2cf05db24bc7',3),('6887dd78-30f1-11f0-b8c0-2cf05db24bc7','Kỹ sư quy trình',NULL,'2025-05-15 01:29:44','user','2025-05-15 01:29:44.000000','user',1,'1729d16c-30f1-11f0-b8c0-2cf05db24bc7',3),('6887df1f-30f1-11f0-b8c0-2cf05db24bc7','Kỹ sư thiết kế HVAC',NULL,'2025-05-15 01:29:44','user','2025-05-15 01:29:44.000000','user',1,'1729d16c-30f1-11f0-b8c0-2cf05db24bc7',3),('68d17040-30ec-11f0-b8c0-2cf05db24bc7','Chuyên môn Giáo dục/Đào tạo khác',NULL,'2025-05-15 00:53:57','user','2025-05-15 00:53:57.000000','user',1,'022a4805-30eb-11f0-b8c0-2cf05db24bc7',3),('68d18b91-30ec-11f0-b8c0-2cf05db24bc7','Phát triển học liệu/Thiết kế khóa học',NULL,'2025-05-15 00:53:57','user','2025-05-15 00:53:57.000000','user',1,'022a4805-30eb-11f0-b8c0-2cf05db24bc7',3),('68d18d4c-30ec-11f0-b8c0-2cf05db24bc7','Cố vấn học tập',NULL,'2025-05-15 00:53:57','user','2025-05-15 00:53:57.000000','user',1,'022a4805-30eb-11f0-b8c0-2cf05db24bc7',3),('68d18e52-30ec-11f0-b8c0-2cf05db24bc7','Giáo viên giáo dục đặc biệt',NULL,'2025-05-15 00:53:57','user','2025-05-15 00:53:57.000000','user',1,'022a4805-30eb-11f0-b8c0-2cf05db24bc7',3),('68d18f56-30ec-11f0-b8c0-2cf05db24bc7','Tư vấn hướng nghiệp',NULL,'2025-05-15 00:53:57','user','2025-05-15 00:53:57.000000','user',1,'022a4805-30eb-11f0-b8c0-2cf05db24bc7',3),('68d1905a-30ec-11f0-b8c0-2cf05db24bc7','Giáo viên dạy lái xe ô tô',NULL,'2025-05-15 00:53:57','user','2025-05-15 00:53:57.000000','user',1,'022a4805-30eb-11f0-b8c0-2cf05db24bc7',3),('68d1914d-30ec-11f0-b8c0-2cf05db24bc7','Tư vấn tâm lý học đường',NULL,'2025-05-15 00:53:57','user','2025-05-15 00:53:57.000000','user',1,'022a4805-30eb-11f0-b8c0-2cf05db24bc7',3),('6c3a5731-308a-11f0-b8c0-2cf05db24bc7','Sales Manager/Trưởng phòng kinh doanh',NULL,'2025-05-14 13:12:32','user','2025-05-14 13:12:32.000000','user',1,'ee347522-3087-11f0-b8c0-2cf05db24bc7',3),('6c3d9c7e-308a-11f0-b8c0-2cf05db24bc7','Quản lý cửa hàng/Cửa hàng trưởng',NULL,'2025-05-14 13:12:32','user','2025-05-14 13:12:32.000000','user',1,'ee347522-3087-11f0-b8c0-2cf05db24bc7',3),('6c3db737-308a-11f0-b8c0-2cf05db24bc7','Sales Supervisor/Giám sát bán hàng',NULL,'2025-05-14 13:12:32','user','2025-05-14 13:12:32.000000','user',1,'ee347522-3087-11f0-b8c0-2cf05db24bc7',3),('6c3dcc4c-308a-11f0-b8c0-2cf05db24bc7','Quản lý Kinh doanh khác',NULL,'2025-05-14 13:12:32','user','2025-05-14 13:12:32.000000','user',1,'ee347522-3087-11f0-b8c0-2cf05db24bc7',3),('6c3dd2c4-308a-11f0-b8c0-2cf05db24bc7','Sales Director/Giám đốc kinh doanh',NULL,'2025-05-14 13:12:32','user','2025-05-14 13:12:32.000000','user',1,'ee347522-3087-11f0-b8c0-2cf05db24bc7',3),('6c3deca3-308a-11f0-b8c0-2cf05db24bc7','ASM/Quản lý khu vực/vùng miền',NULL,'2025-05-14 13:12:32','user','2025-05-14 13:12:32.000000','user',1,'ee347522-3087-11f0-b8c0-2cf05db24bc7',3),('6c3df045-308a-11f0-b8c0-2cf05db24bc7','Chuyên viên chính sách kinh doanh',NULL,'2025-05-14 13:12:32','user','2025-05-14 13:12:32.000000','user',1,'ee347522-3087-11f0-b8c0-2cf05db24bc7',3),('6c3e4828-308a-11f0-b8c0-2cf05db24bc7','Chief Customer Officer (CCO)',NULL,'2025-05-14 13:12:32','user','2025-05-14 13:12:32.000000','user',1,'ee347522-3087-11f0-b8c0-2cf05db24bc7',3),('6cb8a7d7-30e8-11f0-b8c0-2cf05db24bc7','Business Analyst (Phân tích nghiệp vụ)',NULL,'2025-05-15 00:25:26','user','2025-05-15 00:25:26.000000','user',1,'4ac3849d-30e7-11f0-b8c0-2cf05db24bc7',3),('6cb8c499-30e8-11f0-b8c0-2cf05db24bc7','Product Owner/Product Manager',NULL,'2025-05-15 00:25:26','user','2025-05-15 00:25:26.000000','user',1,'4ac3849d-30e7-11f0-b8c0-2cf05db24bc7',3),('6cb96b37-30e8-11f0-b8c0-2cf05db24bc7','Product Analyst/Research',NULL,'2025-05-15 00:25:26','user','2025-05-15 00:25:26.000000','user',1,'4ac3849d-30e7-11f0-b8c0-2cf05db24bc7',3),('706122fb-30e4-11f0-b8c0-2cf05db24bc7','Quản lý dự án xây dựng',NULL,'2025-05-14 23:56:54','user','2025-05-14 23:56:54.000000','user',1,'a17a1e37-3086-11f0-b8c0-2cf05db24bc7',2),('7061408a-30e4-11f0-b8c0-2cf05db24bc7','Thiết kế và Kiến trúc',NULL,'2025-05-14 23:56:54','user','2025-05-14 23:56:54.000000','user',1,'a17a1e37-3086-11f0-b8c0-2cf05db24bc7',2),('7061445e-30e4-11f0-b8c0-2cf05db24bc7','Thiết kế Nhà/Nội thất/Môi trường',NULL,'2025-05-14 23:56:54','user','2025-05-14 23:56:54.000000','user',1,'a17a1e37-3086-11f0-b8c0-2cf05db24bc7',2),('75196efc-30f2-11f0-b8c0-2cf05db24bc7','Lái xe văn phòng',NULL,'2025-05-15 01:37:15','user','2025-05-15 01:37:15.000000','user',1,'44321a9b-30f2-11f0-b8c0-2cf05db24bc7',3),('76573804-30ef-11f0-b8c0-2cf05db24bc7','Kỹ thuật viên nông nghiệp/trồng trọt',NULL,'2025-05-15 01:15:48','user','2025-05-15 01:15:48.000000','user',1,'42eccb46-30ef-11f0-b8c0-2cf05db24bc7',3),('7657530f-30ef-11f0-b8c0-2cf05db24bc7','Kỹ sư chăn nuôi',NULL,'2025-05-15 01:15:48','user','2025-05-15 01:15:48.000000','user',1,'42eccb46-30ef-11f0-b8c0-2cf05db24bc7',3),('765754ee-30ef-11f0-b8c0-2cf05db24bc7','Chuyên môn Nông/Lâm/Ngư nghiệp khác',NULL,'2025-05-15 01:15:48','user','2025-05-15 01:15:48.000000','user',1,'42eccb46-30ef-11f0-b8c0-2cf05db24bc7',3),('76575645-30ef-11f0-b8c0-2cf05db24bc7','Kỹ sư lâm nghiệp',NULL,'2025-05-15 01:15:48','user','2025-05-15 01:15:48.000000','user',1,'42eccb46-30ef-11f0-b8c0-2cf05db24bc7',3),('76b1ec58-30ee-11f0-b8c0-2cf05db24bc7','Pháp chế',NULL,'2025-05-15 01:08:40','user','2025-05-15 01:08:40.000000','user',1,'def11741-30ed-11f0-b8c0-2cf05db24bc7',3),('76b20746-30ee-11f0-b8c0-2cf05db24bc7','Chuyên môn Pháp chế khác',NULL,'2025-05-15 01:08:40','user','2025-05-15 01:08:40.000000','user',1,'def11741-30ed-11f0-b8c0-2cf05db24bc7',3),('76b209e0-30ee-11f0-b8c0-2cf05db24bc7','Giám đốc pháp chế',NULL,'2025-05-15 01:08:40','user','2025-05-15 01:08:40.000000','user',1,'def11741-30ed-11f0-b8c0-2cf05db24bc7',3),('7998eaea-30f1-11f0-b8c0-2cf05db24bc7','Sửa chữa/Bảo trì máy công nghiệp',NULL,'2025-05-15 01:30:13','user','2025-05-15 01:30:13.000000','user',1,'1729e420-30f1-11f0-b8c0-2cf05db24bc7',3),('799902cf-30f1-11f0-b8c0-2cf05db24bc7','Kỹ thuật viên lắp đặt',NULL,'2025-05-15 01:30:13','user','2025-05-15 01:30:13.000000','user',1,'1729e420-30f1-11f0-b8c0-2cf05db24bc7',3),('79990443-30f1-11f0-b8c0-2cf05db24bc7','Bảo trì, sửa chữa khác',NULL,'2025-05-15 01:30:13','user','2025-05-15 01:30:13.000000','user',1,'1729e420-30f1-11f0-b8c0-2cf05db24bc7',3),('7ab11daf-30ed-11f0-b8c0-2cf05db24bc7','Chuyên môn Thu mua/Mua hàng',NULL,'2025-05-15 01:01:37','user','2025-05-15 01:01:37.000000','user',1,'62d75abb-30ed-11f0-b8c0-2cf05db24bc7',3),('7ab13abd-30ed-11f0-b8c0-2cf05db24bc7','Quản lý/Giám sát mua hàng',NULL,'2025-05-15 01:01:37','user','2025-05-15 01:01:37.000000','user',1,'62d75abb-30ed-11f0-b8c0-2cf05db24bc7',3),('7ab13cf7-30ed-11f0-b8c0-2cf05db24bc7','Khai báo hải quan và kiểm dịch',NULL,'2025-05-15 01:01:37','user','2025-05-15 01:01:37.000000','user',1,'62d75abb-30ed-11f0-b8c0-2cf05db24bc7',3),('7ab13eba-30ed-11f0-b8c0-2cf05db24bc7','Quản lý hàng hoá (Merchandiser)',NULL,'2025-05-15 01:01:37','user','2025-05-15 01:01:37.000000','user',1,'62d75abb-30ed-11f0-b8c0-2cf05db24bc7',3),('7ab14066-30ed-11f0-b8c0-2cf05db24bc7','Chuyên viên đấu thầu',NULL,'2025-05-15 01:01:37','user','2025-05-15 01:01:37.000000','user',1,'62d75abb-30ed-11f0-b8c0-2cf05db24bc7',3),('7ab14289-30ed-11f0-b8c0-2cf05db24bc7','Chuyên viên hồ sơ thầu',NULL,'2025-05-15 01:01:37','user','2025-05-15 01:01:37.000000','user',1,'62d75abb-30ed-11f0-b8c0-2cf05db24bc7',3),('7ab14452-30ed-11f0-b8c0-2cf05db24bc7','Giám đốc Thu mua/Mua hàng',NULL,'2025-05-15 01:01:37','user','2025-05-15 01:01:37.000000','user',1,'62d75abb-30ed-11f0-b8c0-2cf05db24bc7',3),('7ab146c3-30ed-11f0-b8c0-2cf05db24bc7','Điều phối hàng hóa',NULL,'2025-05-15 01:01:37','user','2025-05-15 01:01:37.000000','user',1,'62d75abb-30ed-11f0-b8c0-2cf05db24bc7',3),('7ab148c1-30ed-11f0-b8c0-2cf05db24bc7','Kỹ sư quản lý chất lượng nhà cung cấp',NULL,'2025-05-15 01:01:37','user','2025-05-15 01:01:37.000000','user',1,'62d75abb-30ed-11f0-b8c0-2cf05db24bc7',3),('7c8b2f92-30ea-11f0-b8c0-2cf05db24bc7','Y tá/Điều dưỡng',NULL,'2025-05-15 00:40:11','user','2025-05-15 00:40:11.000000','user',1,'1b85cea0-30ea-11f0-b8c0-2cf05db24bc7',3),('7c8b52fc-30ea-11f0-b8c0-2cf05db24bc7','Y tá trưởng/Điều dưỡng trưởng',NULL,'2025-05-15 00:40:11','user','2025-05-15 00:40:11.000000','user',1,'1b85cea0-30ea-11f0-b8c0-2cf05db24bc7',3),('7c8b55fa-30ea-11f0-b8c0-2cf05db24bc7','Hộ lý/Hộ sinh',NULL,'2025-05-15 00:40:11','user','2025-05-15 00:40:11.000000','user',1,'1b85cea0-30ea-11f0-b8c0-2cf05db24bc7',3),('7ce07bb9-30ec-11f0-b8c0-2cf05db24bc7','Quản lý/Vận hành lớp học',NULL,'2025-05-15 00:54:31','user','2025-05-15 00:54:31.000000','user',1,'022a494b-30eb-11f0-b8c0-2cf05db24bc7',3),('7ce0857d-30ec-11f0-b8c0-2cf05db24bc7','Chăm sóc/Hỗ trợ học viên',NULL,'2025-05-15 00:54:31','user','2025-05-15 00:54:31.000000','user',1,'022a494b-30eb-11f0-b8c0-2cf05db24bc7',3),('7ce08837-30ec-11f0-b8c0-2cf05db24bc7','Quản lý/Hỗ trợ lớp học khác',NULL,'2025-05-15 00:54:31','user','2025-05-15 00:54:31.000000','user',1,'022a494b-30eb-11f0-b8c0-2cf05db24bc7',3),('7ce089f8-30ec-11f0-b8c0-2cf05db24bc7','Hỗ trợ lớp học',NULL,'2025-05-15 00:54:31','user','2025-05-15 00:54:31.000000','user',1,'022a494b-30eb-11f0-b8c0-2cf05db24bc7',3),('82e3d29c-30e6-11f0-b8c0-2cf05db24bc7','Call Center/Trực tổng đài',NULL,'2025-05-15 00:11:44','user','2025-05-15 00:11:44.000000','user',1,'cad1236c-30e5-11f0-b8c0-2cf05db24bc7',3),('82e3dbf4-30e6-11f0-b8c0-2cf05db24bc7','Dịch vụ khách hàng/Chăm sóc khách hàng khác',NULL,'2025-05-15 00:11:44','user','2025-05-15 00:11:44.000000','user',1,'cad1236c-30e5-11f0-b8c0-2cf05db24bc7',3),('82e3de22-30e6-11f0-b8c0-2cf05db24bc7','Trực page',NULL,'2025-05-15 00:11:44','user','2025-05-15 00:11:44.000000','user',1,'cad1236c-30e5-11f0-b8c0-2cf05db24bc7',3),('82e3dfc9-30e6-11f0-b8c0-2cf05db24bc7','Customer Experience (Trải nghiệm khách hàng)',NULL,'2025-05-15 00:11:44','user','2025-05-15 00:11:44.000000','user',1,'cad1236c-30e5-11f0-b8c0-2cf05db24bc7',3),('82e3e156-30e6-11f0-b8c0-2cf05db24bc7','Customer Success',NULL,'2025-05-15 00:11:44','user','2025-05-15 00:11:44.000000','user',1,'cad1236c-30e5-11f0-b8c0-2cf05db24bc7',3),('842e43d2-30f0-11f0-b8c0-2cf05db24bc7','Phim và truyền hình',NULL,'2025-05-15 01:23:21','user','2025-05-15 01:23:21.000000','user',1,'a17a57ed-3086-11f0-b8c0-2cf05db24bc7',2),('842e770e-30f0-11f0-b8c0-2cf05db24bc7','Nghệ thuật/Hoạt hình/Game',NULL,'2025-05-15 01:23:21','user','2025-05-15 01:23:21.000000','user',1,'a17a57ed-3086-11f0-b8c0-2cf05db24bc7',2),('842e7a4f-30f0-11f0-b8c0-2cf05db24bc7','Biên tập/Viết/Xuất bản',NULL,'2025-05-15 01:23:21','user','2025-05-15 01:23:21.000000','user',1,'a17a57ed-3086-11f0-b8c0-2cf05db24bc7',2),('86a4aa20-30e9-11f0-b8c0-2cf05db24bc7','Sửa chữa/Bảo trì điện tử/viễn thông',NULL,'2025-05-15 00:33:19','user','2025-05-15 00:33:19.000000','user',1,'11fc7675-30e9-11f0-b8c0-2cf05db24bc7',3),('86a4cb54-30e9-11f0-b8c0-2cf05db24bc7','Kỹ thuật điện/điện tử',NULL,'2025-05-15 00:33:19','user','2025-05-15 00:33:19.000000','user',1,'11fc7675-30e9-11f0-b8c0-2cf05db24bc7',3),('86a4d33b-30e9-11f0-b8c0-2cf05db24bc7','Chuyên môn Vận hành và bảo trì/Hỗ trợ kỹ thuật khác',NULL,'2025-05-15 00:33:19','user','2025-05-15 00:33:19.000000','user',1,'11fc7675-30e9-11f0-b8c0-2cf05db24bc7',3),('86a4db42-30e9-11f0-b8c0-2cf05db24bc7','Kỹ sư hệ thống',NULL,'2025-05-15 00:33:19','user','2025-05-15 00:33:19.000000','user',1,'11fc7675-30e9-11f0-b8c0-2cf05db24bc7',3),('86a4e199-30e9-11f0-b8c0-2cf05db24bc7','Vận hành điện',NULL,'2025-05-15 00:33:19','user','2025-05-15 00:33:19.000000','user',1,'11fc7675-30e9-11f0-b8c0-2cf05db24bc7',3),('86a4e885-30e9-11f0-b8c0-2cf05db24bc7','Kỹ sư tài liệu kỹ thuật',NULL,'2025-05-15 00:33:19','user','2025-05-15 00:33:19.000000','user',1,'11fc7675-30e9-11f0-b8c0-2cf05db24bc7',3),('87760c67-30e8-11f0-b8c0-2cf05db24bc7','Kỹ sư cầu nối BrSE',NULL,'2025-05-15 00:26:11','user','2025-05-15 00:26:11.000000','user',1,'4ac38664-30e7-11f0-b8c0-2cf05db24bc7',3),('877617f6-30e8-11f0-b8c0-2cf05db24bc7','IT Project Manager',NULL,'2025-05-15 00:26:11','user','2025-05-15 00:26:11.000000','user',1,'4ac38664-30e7-11f0-b8c0-2cf05db24bc7',3),('87761a69-30e8-11f0-b8c0-2cf05db24bc7','IT Comtor',NULL,'2025-05-15 00:26:11','user','2025-05-15 00:26:11.000000','user',1,'4ac38664-30e7-11f0-b8c0-2cf05db24bc7',3),('87761d43-30e8-11f0-b8c0-2cf05db24bc7','Scrum Master',NULL,'2025-05-15 00:26:11','user','2025-05-15 00:26:11.000000','user',1,'4ac38664-30e7-11f0-b8c0-2cf05db24bc7',3),('88ce4dec-30ef-11f0-b8c0-2cf05db24bc7','Kỹ sư điện mặt trời',NULL,'2025-05-15 01:16:19','user','2025-05-15 01:16:19.000000','user',1,'42eccf81-30ef-11f0-b8c0-2cf05db24bc7',3),('88ce769b-30ef-11f0-b8c0-2cf05db24bc7','Chuyên môn Năng lượng/Địa chất khác',NULL,'2025-05-15 01:16:19','user','2025-05-15 01:16:19.000000','user',1,'42eccf81-30ef-11f0-b8c0-2cf05db24bc7',3),('88ce79c6-30ef-11f0-b8c0-2cf05db24bc7','Kỹ sư địa chất',NULL,'2025-05-15 01:16:19','user','2025-05-15 01:16:19.000000','user',1,'42eccf81-30ef-11f0-b8c0-2cf05db24bc7',3),('88ce7b7d-30ef-11f0-b8c0-2cf05db24bc7','Kỹ sư năng lượng',NULL,'2025-05-15 01:16:19','user','2025-05-15 01:16:19.000000','user',1,'42eccf81-30ef-11f0-b8c0-2cf05db24bc7',3),('88ce7d7b-30ef-11f0-b8c0-2cf05db24bc7','Kỹ sư thủy lợi',NULL,'2025-05-15 01:16:19','user','2025-05-15 01:16:19.000000','user',1,'42eccf81-30ef-11f0-b8c0-2cf05db24bc7',3),('89a1f453-30ee-11f0-b8c0-2cf05db24bc7','Tuyển dụng',NULL,'2025-05-15 01:09:11','user','2025-05-15 01:09:11.000000','user',1,'def11b3d-30ed-11f0-b8c0-2cf05db24bc7',3),('89a21467-30ee-11f0-b8c0-2cf05db24bc7','Trưởng phòng nhân sự',NULL,'2025-05-15 01:09:11','user','2025-05-15 01:09:11.000000','user',1,'def11b3d-30ed-11f0-b8c0-2cf05db24bc7',3),('89a21723-30ee-11f0-b8c0-2cf05db24bc7','Nhân sự tổng hợp',NULL,'2025-05-15 01:09:11','user','2025-05-15 01:09:11.000000','user',1,'def11b3d-30ed-11f0-b8c0-2cf05db24bc7',3),('89a219e9-30ee-11f0-b8c0-2cf05db24bc7','Payroll/C&B (Lương/Thưởng/Phúc lợi)',NULL,'2025-05-15 01:09:11','user','2025-05-15 01:09:11.000000','user',1,'def11b3d-30ed-11f0-b8c0-2cf05db24bc7',3),('89a21ba0-30ee-11f0-b8c0-2cf05db24bc7','Đối tác nhân sự (HRBP)',NULL,'2025-05-15 01:09:11','user','2025-05-15 01:09:11.000000','user',1,'def11b3d-30ed-11f0-b8c0-2cf05db24bc7',3),('89a21d93-30ee-11f0-b8c0-2cf05db24bc7','Đào tạo',NULL,'2025-05-15 01:09:11','user','2025-05-15 01:09:11.000000','user',1,'def11b3d-30ed-11f0-b8c0-2cf05db24bc7',3),('89a21ef0-30ee-11f0-b8c0-2cf05db24bc7','Chuyên môn Nhân sự khác',NULL,'2025-05-15 01:09:11','user','2025-05-15 01:09:11.000000','user',1,'def11b3d-30ed-11f0-b8c0-2cf05db24bc7',3),('8b402116-30ed-11f0-b8c0-2cf05db24bc7','Nhân viên kho',NULL,'2025-05-15 01:02:05','user','2025-05-15 01:02:05.000000','user',1,'62d7871f-30ed-11f0-b8c0-2cf05db24bc7',3),('8b402f2c-30ed-11f0-b8c0-2cf05db24bc7','Trưởng kho/Giám sát kho',NULL,'2025-05-15 01:02:05','user','2025-05-15 01:02:05.000000','user',1,'62d7871f-30ed-11f0-b8c0-2cf05db24bc7',3),('8b40316f-30ed-11f0-b8c0-2cf05db24bc7','Chuyên môn Kho vận khác',NULL,'2025-05-15 01:02:05','user','2025-05-15 01:02:05.000000','user',1,'62d7871f-30ed-11f0-b8c0-2cf05db24bc7',3),('8b403336-30ed-11f0-b8c0-2cf05db24bc7','Hành chính kho',NULL,'2025-05-15 01:02:05','user','2025-05-15 01:02:05.000000','user',1,'62d7871f-30ed-11f0-b8c0-2cf05db24bc7',3),('8b4034d3-30ed-11f0-b8c0-2cf05db24bc7','Freight Forwarder',NULL,'2025-05-15 01:02:05','user','2025-05-15 01:02:05.000000','user',1,'62d7871f-30ed-11f0-b8c0-2cf05db24bc7',3),('8bc74340-30f2-11f0-b8c0-2cf05db24bc7','Nhân viên giao hàng',NULL,'2025-05-15 01:37:53','user','2025-05-15 01:37:53.000000','user',1,'44321ed0-30f2-11f0-b8c0-2cf05db24bc7',3),('8bc74a29-30f2-11f0-b8c0-2cf05db24bc7','Tài xế lái xe văn phòng',NULL,'2025-05-15 01:37:53','user','2025-05-15 01:37:53.000000','user',1,'44321ed0-30f2-11f0-b8c0-2cf05db24bc7',3),('8bc74bc3-30f2-11f0-b8c0-2cf05db24bc7','Tài xế lái xe thuê',NULL,'2025-05-15 01:37:53','user','2025-05-15 01:37:53.000000','user',1,'44321ed0-30f2-11f0-b8c0-2cf05db24bc7',3),('8cd4ceaf-30ec-11f0-b8c0-2cf05db24bc7','Quản lý học vụ',NULL,'2025-05-15 00:54:58','user','2025-05-15 00:54:58.000000','user',1,'022a4a61-30eb-11f0-b8c0-2cf05db24bc7',3),('8cd4dde0-30ec-11f0-b8c0-2cf05db24bc7','Hiệu trưởng/Phó hiệu trưởng',NULL,'2025-05-15 00:54:58','user','2025-05-15 00:54:58.000000','user',1,'022a4a61-30eb-11f0-b8c0-2cf05db24bc7',3),('8cd4e07d-30ec-11f0-b8c0-2cf05db24bc7','Quản lý chất lượng giáo dục',NULL,'2025-05-15 00:54:58','user','2025-05-15 00:54:58.000000','user',1,'022a4a61-30eb-11f0-b8c0-2cf05db24bc7',3),('8cd4e246-30ec-11f0-b8c0-2cf05db24bc7','Chuyên viên điều phối giáo viên',NULL,'2025-05-15 00:54:58','user','2025-05-15 00:54:58.000000','user',1,'022a4a61-30eb-11f0-b8c0-2cf05db24bc7',3),('8cd4e3f9-30ec-11f0-b8c0-2cf05db24bc7','Quản lý giáo dục khác',NULL,'2025-05-15 00:54:58','user','2025-05-15 00:54:58.000000','user',1,'022a4a61-30eb-11f0-b8c0-2cf05db24bc7',3),('8cd4e58b-30ec-11f0-b8c0-2cf05db24bc7','Giáo viên chủ nhiệm',NULL,'2025-05-15 00:54:58','user','2025-05-15 00:54:58.000000','user',1,'022a4a61-30eb-11f0-b8c0-2cf05db24bc7',3),('8cd4e79f-30ec-11f0-b8c0-2cf05db24bc7','Quản lý giảng dạy',NULL,'2025-05-15 00:54:58','user','2025-05-15 00:54:58.000000','user',1,'022a4a61-30eb-11f0-b8c0-2cf05db24bc7',3),('8e8369dc-30f1-11f0-b8c0-2cf05db24bc7','Sales Sản xuất khác',NULL,'2025-05-15 01:30:48','user','2025-05-15 01:30:48.000000','user',1,'1729e590-30f1-11f0-b8c0-2cf05db24bc7',3),('8e838420-30f1-11f0-b8c0-2cf05db24bc7','Kinh doanh ô tô/xe máy/xe điện',NULL,'2025-05-15 01:30:48','user','2025-05-15 01:30:48.000000','user',1,'1729e590-30f1-11f0-b8c0-2cf05db24bc7',3),('8e8386fc-30f1-11f0-b8c0-2cf05db24bc7','Kinh doanh phụ tùng ô tô/xe máy/xe điện',NULL,'2025-05-15 01:30:48','user','2025-05-15 01:30:48.000000','user',1,'1729e590-30f1-11f0-b8c0-2cf05db24bc7',3),('8e838961-30f1-11f0-b8c0-2cf05db24bc7','Kinh doanh hoá chất',NULL,'2025-05-15 01:30:48','user','2025-05-15 01:30:48.000000','user',1,'1729e590-30f1-11f0-b8c0-2cf05db24bc7',3),('8fa659ce-308c-11f0-b8c0-2cf05db24bc7','Photographer/Video Editor',NULL,'2025-05-14 13:27:51','user','2025-05-14 13:27:51.000000','user',1,'0334f152-308c-11f0-b8c0-2cf05db24bc7',3),('8faa448b-308c-11f0-b8c0-2cf05db24bc7','Thiết kế đồ họa (Graphic Design)',NULL,'2025-05-14 13:27:51','user','2025-05-14 13:27:51.000000','user',1,'4ac38125-30e7-11f0-b8c0-2cf05db24bc7',3),('8faa5018-308c-11f0-b8c0-2cf05db24bc7','Chuyên môn Quảng cáo/Sáng tạo khác',NULL,'2025-05-14 13:27:51','user','2025-05-14 13:27:51.000000','user',1,'0334f152-308c-11f0-b8c0-2cf05db24bc7',3),('8faa5188-308c-11f0-b8c0-2cf05db24bc7','Creative Planner',NULL,'2025-05-14 13:27:51','user','2025-05-14 13:27:51.000000','user',1,'0334f152-308c-11f0-b8c0-2cf05db24bc7',3),('8faa52fe-308c-11f0-b8c0-2cf05db24bc7','Media Planner/Buyer Executive',NULL,'2025-05-14 13:27:51','user','2025-05-14 13:27:51.000000','user',1,'0334f152-308c-11f0-b8c0-2cf05db24bc7',3),('8faa543b-308c-11f0-b8c0-2cf05db24bc7','Animation Design',NULL,'2025-05-14 13:27:51','user','2025-05-14 13:27:51.000000','user',1,'0334f152-308c-11f0-b8c0-2cf05db24bc7',3),('8faa5578-308c-11f0-b8c0-2cf05db24bc7','Media Placement Specialist',NULL,'2025-05-14 13:27:51','user','2025-05-14 13:27:51.000000','user',1,'0334f152-308c-11f0-b8c0-2cf05db24bc7',3),('8faa7553-308c-11f0-b8c0-2cf05db24bc7','Campaign Manager',NULL,'2025-05-14 13:27:51','user','2025-05-14 13:27:51.000000','user',1,'0334f152-308c-11f0-b8c0-2cf05db24bc7',3),('8faab91a-308c-11f0-b8c0-2cf05db24bc7','Ad Operations Manager',NULL,'2025-05-14 13:27:51','user','2025-05-14 13:27:51.000000','user',1,'0334f152-308c-11f0-b8c0-2cf05db24bc7',3),('8faabaab-308c-11f0-b8c0-2cf05db24bc7','Art Director',NULL,'2025-05-14 13:27:51','user','2025-05-14 13:27:51.000000','user',1,'0334f152-308c-11f0-b8c0-2cf05db24bc7',3),('90e7523f-30ea-11f0-b8c0-2cf05db24bc7','Bác sĩ da liễu',NULL,'2025-05-15 00:40:46','user','2025-05-15 00:40:46.000000','user',1,'1b85d043-30ea-11f0-b8c0-2cf05db24bc7',3),('90e76d0f-30ea-11f0-b8c0-2cf05db24bc7','Bác sĩ nha khoa',NULL,'2025-05-15 00:40:46','user','2025-05-15 00:40:46.000000','user',1,'1b85d043-30ea-11f0-b8c0-2cf05db24bc7',3),('90e772cf-30ea-11f0-b8c0-2cf05db24bc7','Kỹ thuật viên chẩn đoán hình ảnh',NULL,'2025-05-15 00:40:46','user','2025-05-15 00:40:46.000000','user',1,'1b85d043-30ea-11f0-b8c0-2cf05db24bc7',3),('90e775e5-30ea-11f0-b8c0-2cf05db24bc7','Các vị trí bác sĩ khác',NULL,'2025-05-15 00:40:46','user','2025-05-15 00:40:46.000000','user',1,'1b85d043-30ea-11f0-b8c0-2cf05db24bc7',3),('90e7782a-30ea-11f0-b8c0-2cf05db24bc7','Quản lý y tế',NULL,'2025-05-15 00:40:46','user','2025-05-15 00:40:46.000000','user',1,'1b85d043-30ea-11f0-b8c0-2cf05db24bc7',3),('90e77a93-30ea-11f0-b8c0-2cf05db24bc7','Bác sĩ y học cổ truyền',NULL,'2025-05-15 00:40:46','user','2025-05-15 00:40:46.000000','user',1,'1b85d043-30ea-11f0-b8c0-2cf05db24bc7',3),('90e77f16-30ea-11f0-b8c0-2cf05db24bc7','Bác sĩ đa khoa',NULL,'2025-05-15 00:40:46','user','2025-05-15 00:40:46.000000','user',1,'1b85d043-30ea-11f0-b8c0-2cf05db24bc7',3),('90e7833f-30ea-11f0-b8c0-2cf05db24bc7','Kỹ thuật viên xét nghiệm',NULL,'2025-05-15 00:40:46','user','2025-05-15 00:40:46.000000','user',1,'1b85d043-30ea-11f0-b8c0-2cf05db24bc7',3),('90e787dc-30ea-11f0-b8c0-2cf05db24bc7','Kỹ thuật viên đo thị lực',NULL,'2025-05-15 00:40:46','user','2025-05-15 00:40:46.000000','user',1,'1b85d043-30ea-11f0-b8c0-2cf05db24bc7',3),('90e7dfcd-30ea-11f0-b8c0-2cf05db24bc7','Bác sĩ nội khoa',NULL,'2025-05-15 00:40:46','user','2025-05-15 00:40:46.000000','user',1,'1b85d043-30ea-11f0-b8c0-2cf05db24bc7',3),('992cf21a-30ee-11f0-b8c0-2cf05db24bc7','Chuyên viên xử lý nợ',NULL,'2025-05-15 01:09:37','user','2025-05-15 01:09:37.000000','user',1,'def11e69-30ed-11f0-b8c0-2cf05db24bc7',3),('992cfca8-30ee-11f0-b8c0-2cf05db24bc7','Kiểm soát tuân thủ',NULL,'2025-05-15 01:09:37','user','2025-05-15 01:09:37.000000','user',1,'def11e69-30ed-11f0-b8c0-2cf05db24bc7',3),('992cfec1-30ee-11f0-b8c0-2cf05db24bc7','Giao dịch viên',NULL,'2025-05-15 01:09:37','user','2025-05-15 01:09:37.000000','user',1,'def11e69-30ed-11f0-b8c0-2cf05db24bc7',3),('992d0049-30ee-11f0-b8c0-2cf05db24bc7','Chuyên môn Ngân hàng khác',NULL,'2025-05-15 01:09:37','user','2025-05-15 01:09:37.000000','user',1,'def11e69-30ed-11f0-b8c0-2cf05db24bc7',3),('9b225433-30ed-11f0-b8c0-2cf05db24bc7','Chuyên môn Xuất nhập khẩu/Logistics',NULL,'2025-05-15 01:02:31','user','2025-05-15 01:02:31.000000','user',1,'62d78ae7-30ed-11f0-b8c0-2cf05db24bc7',3),('9b225a8e-30ed-11f0-b8c0-2cf05db24bc7','Chứng từ xuất nhập khẩu',NULL,'2025-05-15 01:02:31','user','2025-05-15 01:02:31.000000','user',1,'62d78ae7-30ed-11f0-b8c0-2cf05db24bc7',3),('9b225bd4-30ed-11f0-b8c0-2cf05db24bc7','Giám sát/Điều phối hàng hoá và kho vận',NULL,'2025-05-15 01:02:31','user','2025-05-15 01:02:31.000000','user',1,'62d78ae7-30ed-11f0-b8c0-2cf05db24bc7',3),('9b225ced-30ed-11f0-b8c0-2cf05db24bc7','Theo dõi đơn hàng',NULL,'2025-05-15 01:02:31','user','2025-05-15 01:02:31.000000','user',1,'62d78ae7-30ed-11f0-b8c0-2cf05db24bc7',3),('9b226214-30ed-11f0-b8c0-2cf05db24bc7','Nhân viên hiện trường Logistics',NULL,'2025-05-15 01:02:31','user','2025-05-15 01:02:31.000000','user',1,'62d78ae7-30ed-11f0-b8c0-2cf05db24bc7',3),('9b226491-30ed-11f0-b8c0-2cf05db24bc7','Giám đốc Logistics',NULL,'2025-05-15 01:02:31','user','2025-05-15 01:02:31.000000','user',1,'62d78ae7-30ed-11f0-b8c0-2cf05db24bc7',3),('9b2265fc-30ed-11f0-b8c0-2cf05db24bc7','Quản lý hệ thống vận tải (TMS)',NULL,'2025-05-15 01:02:31','user','2025-05-15 01:02:31.000000','user',1,'62d78ae7-30ed-11f0-b8c0-2cf05db24bc7',3),('a0b9a69a-30e8-11f0-b8c0-2cf05db24bc7','Game Design',NULL,'2025-05-15 00:26:53','user','2025-05-15 00:26:53.000000','user',1,'4ac387ec-30e7-11f0-b8c0-2cf05db24bc7',3),('a0ba9978-30e8-11f0-b8c0-2cf05db24bc7','Game Developer',NULL,'2025-05-15 00:26:53','user','2025-05-15 00:26:53.000000','user',1,'4ac387ec-30e7-11f0-b8c0-2cf05db24bc7',3),('a0ba9c85-30e8-11f0-b8c0-2cf05db24bc7','Concept Artist',NULL,'2025-05-15 00:26:53','user','2025-05-15 00:26:53.000000','user',1,'4ac387ec-30e7-11f0-b8c0-2cf05db24bc7',3),('a0ba9e33-30e8-11f0-b8c0-2cf05db24bc7','Vị trí Game Development khác',NULL,'2025-05-15 00:26:53','user','2025-05-15 00:26:53.000000','user',1,'4ac387ec-30e7-11f0-b8c0-2cf05db24bc7',3),('a0ba9fbb-30e8-11f0-b8c0-2cf05db24bc7','AR/VR Developer',NULL,'2025-05-15 00:26:53','user','2025-05-15 00:26:53.000000','user',1,'4ac387ec-30e7-11f0-b8c0-2cf05db24bc7',3),('a176165d-3086-11f0-b8c0-2cf05db24bc7','Kinh doanh/Bán hàng','Added by admin','2025-05-14 12:45:24','admin','2025-05-14 12:45:24.000000','admin',1,NULL,1),('a179dcc8-3086-11f0-b8c0-2cf05db24bc7','Marketing/PR/Quảng cáo','Added by admin','2025-05-14 12:45:24','admin','2025-05-14 12:45:24.000000','admin',1,NULL,1),('a179ef39-3086-11f0-b8c0-2cf05db24bc7','Chăm sóc khách hàng (Customer Service)/Vận hành','Added by admin','2025-05-14 12:45:24','admin','2025-05-14 12:45:24.000000','admin',1,NULL,1),('a17a024d-3086-11f0-b8c0-2cf05db24bc7','Tài chính/Ngân hàng/Bảo hiểm','Added by admin','2025-05-14 12:45:24','admin','2025-05-14 12:45:24.000000','admin',1,NULL,1),('a17a1e37-3086-11f0-b8c0-2cf05db24bc7','Bất động sản/Xây dựng','Added by admin','2025-05-14 12:45:24','admin','2025-05-14 12:45:24.000000','admin',1,NULL,1),('a17a21b0-3086-11f0-b8c0-2cf05db24bc7','Kế toán/Kiểm toán/Thuế','Added by admin','2025-05-14 12:45:24','admin','2025-05-14 12:45:24.000000','admin',1,NULL,1),('a17a2ccd-3086-11f0-b8c0-2cf05db24bc7','Sản xuất','Added by admin','2025-05-14 12:45:24','admin','2025-05-14 12:45:24.000000','admin',1,NULL,1),('a17a351a-3086-11f0-b8c0-2cf05db24bc7','Giáo dục/Đào tạo','Added by admin','2025-05-14 12:45:24','admin','2025-05-14 12:45:24.000000','admin',1,NULL,1),('a17a3c5e-3086-11f0-b8c0-2cf05db24bc7','Bán lẻ/Dịch vụ đời sống','Added by admin','2025-05-14 12:45:24','admin','2025-05-14 12:45:24.000000','admin',1,NULL,1),('a17a57ed-3086-11f0-b8c0-2cf05db24bc7','Phim và truyền hình/Báo chí/Xuất bản','Added by admin','2025-05-14 12:45:24','admin','2025-05-14 12:45:24.000000','admin',1,NULL,1),('a17a59e8-3086-11f0-b8c0-2cf05db24bc7','Điện/Điện tử/Viễn thông','Added by admin','2025-05-14 12:45:24','admin','2025-05-14 12:45:24.000000','admin',1,NULL,1),('a17a5bb7-3086-11f0-b8c0-2cf05db24bc7','Logistics/Thu mua/Kho/Vận tải','Added by admin','2025-05-14 12:45:24','admin','2025-05-14 12:45:24.000000','admin',1,NULL,1),('a17a5d9d-3086-11f0-b8c0-2cf05db24bc7','Tài xế','Added by admin','2025-05-14 12:45:24','admin','2025-05-14 12:45:24.000000','admin',1,NULL,1),('a17a6226-3086-11f0-b8c0-2cf05db24bc7','Tư vấn chuyên môn','Added by admin','2025-05-14 12:45:24','admin','2025-05-14 12:45:24.000000','admin',1,NULL,1),('a17a77bd-3086-11f0-b8c0-2cf05db24bc7','Biên phiên dịch','Added by admin','2025-05-14 12:45:24','admin','2025-05-14 12:45:24.000000','admin',1,NULL,1),('a17a79a4-3086-11f0-b8c0-2cf05db24bc7','Luật','Added by admin','2025-05-14 12:45:24','admin','2025-05-14 12:45:24.000000','admin',1,NULL,1),('a17ab7a7-3086-11f0-b8c0-2cf05db24bc7','Dược/Y tế/Sức khoẻ/Công nghệ sinh học','Added by admin','2025-05-14 12:45:24','admin','2025-05-14 12:45:24.000000','admin',1,NULL,1),('a17adb68-3086-11f0-b8c0-2cf05db24bc7','Nhà hàng/Khách sạn/Du lịch','Added by admin','2025-05-14 12:45:24','admin','2025-05-14 12:45:24.000000','admin',1,NULL,1),('a17add6c-3086-11f0-b8c0-2cf05db24bc7','Năng lượng/Môi trường/Nông nghiệp','Added by admin','2025-05-14 12:45:24','admin','2025-05-14 12:45:24.000000','admin',1,NULL,1),('a3a72961-30f2-11f0-b8c0-2cf05db24bc7','Tài xế lái xe văn phòng ',NULL,'2025-05-15 01:38:33','user','2025-05-15 01:38:33.000000','user',1,'44322252-30f2-11f0-b8c0-2cf05db24bc7',3),('a3a8c404-30f2-11f0-b8c0-2cf05db24bc7','Dịch vụ đưa đón khác',NULL,'2025-05-15 01:38:33','user','2025-05-15 01:38:33.000000','user',1,'44322252-30f2-11f0-b8c0-2cf05db24bc7',3),('a3a8c5e7-30f2-11f0-b8c0-2cf05db24bc7','Tài xế công nghệ',NULL,'2025-05-15 01:38:33','user','2025-05-15 01:38:33.000000','user',1,'44322252-30f2-11f0-b8c0-2cf05db24bc7',3),('a3e7df45-30e4-11f0-b8c0-2cf05db24bc7','Giám sát dự án/công trình/thi công',NULL,'2025-05-14 23:58:20','user','2025-05-14 23:58:20.000000','user',1,'706122fb-30e4-11f0-b8c0-2cf05db24bc7',3),('a3e7f5af-30e4-11f0-b8c0-2cf05db24bc7','Dự toán công trình',NULL,'2025-05-14 23:58:20','user','2025-05-14 23:58:20.000000','user',1,'706122fb-30e4-11f0-b8c0-2cf05db24bc7',3),('a3e7fc08-30e4-11f0-b8c0-2cf05db24bc7','Quản lý dự án thi công xây dựng',NULL,'2025-05-14 23:58:20','user','2025-05-14 23:58:20.000000','user',1,'706122fb-30e4-11f0-b8c0-2cf05db24bc7',3),('a3e7feca-30e4-11f0-b8c0-2cf05db24bc7','Kỹ sư hiện trường',NULL,'2025-05-14 23:58:20','user','2025-05-14 23:58:20.000000','user',1,'706122fb-30e4-11f0-b8c0-2cf05db24bc7',3),('a3e80079-30e4-11f0-b8c0-2cf05db24bc7','Nhân viên hồ sơ xây dựng',NULL,'2025-05-14 23:58:20','user','2025-05-14 23:58:20.000000','user',1,'706122fb-30e4-11f0-b8c0-2cf05db24bc7',3),('a3e80235-30e4-11f0-b8c0-2cf05db24bc7','Kỹ sư an toàn lao động (HSE)',NULL,'2025-05-14 23:58:20','user','2025-05-14 23:58:20.000000','user',1,'706122fb-30e4-11f0-b8c0-2cf05db24bc7',3),('a3e803a5-30e4-11f0-b8c0-2cf05db24bc7','Giám sát thi công nội thất',NULL,'2025-05-14 23:58:20','user','2025-05-14 23:58:20.000000','user',1,'706122fb-30e4-11f0-b8c0-2cf05db24bc7',3),('a3e80530-30e4-11f0-b8c0-2cf05db24bc7','Quản lý chất lượng công trình',NULL,'2025-05-14 23:58:20','user','2025-05-14 23:58:20.000000','user',1,'706122fb-30e4-11f0-b8c0-2cf05db24bc7',3),('a3e81e0a-30e4-11f0-b8c0-2cf05db24bc7','Nhân viên trắc đạc',NULL,'2025-05-14 23:58:20','user','2025-05-14 23:58:20.000000','user',1,'706122fb-30e4-11f0-b8c0-2cf05db24bc7',3),('a3e82076-30e4-11f0-b8c0-2cf05db24bc7','Nhân viên vật tư',NULL,'2025-05-14 23:58:20','user','2025-05-14 23:58:20.000000','user',1,'706122fb-30e4-11f0-b8c0-2cf05db24bc7',3),('ae6c0ea6-30ed-11f0-b8c0-2cf05db24bc7','Sales Logistics',NULL,'2025-05-15 01:03:04','user','2025-05-15 01:03:04.000000','user',1,'62d78c97-30ed-11f0-b8c0-2cf05db24bc7',3),('ae6c1892-30ed-11f0-b8c0-2cf05db24bc7','Sales Xuất nhập khẩu/Logistics khác',NULL,'2025-05-15 01:03:04','user','2025-05-15 01:03:04.000000','user',1,'62d78c97-30ed-11f0-b8c0-2cf05db24bc7',3),('ae75372c-30ee-11f0-b8c0-2cf05db24bc7','Trợ lý/Thư ký',NULL,'2025-05-15 01:10:13','user','2025-05-15 01:10:13.000000','user',1,'def12145-30ed-11f0-b8c0-2cf05db24bc7',3),('ae754ecc-30ee-11f0-b8c0-2cf05db24bc7','Văn thư',NULL,'2025-05-15 01:10:13','user','2025-05-15 01:10:13.000000','user',1,'def12145-30ed-11f0-b8c0-2cf05db24bc7',3),('ae7550aa-30ee-11f0-b8c0-2cf05db24bc7','Hành chính nhân sự',NULL,'2025-05-15 01:10:13','user','2025-05-15 01:10:13.000000','user',1,'def12145-30ed-11f0-b8c0-2cf05db24bc7',3),('ae75524b-30ee-11f0-b8c0-2cf05db24bc7','Trưởng phòng hành chính',NULL,'2025-05-15 01:10:13','user','2025-05-15 01:10:13.000000','user',1,'def12145-30ed-11f0-b8c0-2cf05db24bc7',3),('ae757718-30ee-11f0-b8c0-2cf05db24bc7','Xử lý hồ sơ',NULL,'2025-05-15 01:10:13','user','2025-05-15 01:10:13.000000','user',1,'def12145-30ed-11f0-b8c0-2cf05db24bc7',3),('ae7578fa-30ee-11f0-b8c0-2cf05db24bc7','Chuyên viên hợp đồng',NULL,'2025-05-15 01:10:13','user','2025-05-15 01:10:13.000000','user',1,'def12145-30ed-11f0-b8c0-2cf05db24bc7',3),('ae757ab3-30ee-11f0-b8c0-2cf05db24bc7','Hành chính tổng hợp',NULL,'2025-05-15 01:10:13','user','2025-05-15 01:10:13.000000','user',1,'def12145-30ed-11f0-b8c0-2cf05db24bc7',3),('ae757c28-30ee-11f0-b8c0-2cf05db24bc7','Chuyên môn Hành chính khác',NULL,'2025-05-15 01:10:13','user','2025-05-15 01:10:13.000000','user',1,'def12145-30ed-11f0-b8c0-2cf05db24bc7',3),('aefdf047-30ec-11f0-b8c0-2cf05db24bc7','Kế toán',NULL,'2025-05-15 00:55:55','user','2025-05-15 00:55:55.000000','user',1,'a17a21b0-3086-11f0-b8c0-2cf05db24bc7',2),('aefe1303-30ec-11f0-b8c0-2cf05db24bc7','Kế toán/Kiểm toán/Thuế khác',NULL,'2025-05-15 00:55:55','user','2025-05-15 00:55:55.000000','user',1,'a17a21b0-3086-11f0-b8c0-2cf05db24bc7',2),('aefe162a-30ec-11f0-b8c0-2cf05db24bc7','Kiểm toán',NULL,'2025-05-15 00:55:55','user','2025-05-15 00:55:55.000000','user',1,'a17a21b0-3086-11f0-b8c0-2cf05db24bc7',2),('aefe1815-30ec-11f0-b8c0-2cf05db24bc7','Thuế',NULL,'2025-05-15 00:55:55','user','2025-05-15 00:55:55.000000','user',1,'a17a21b0-3086-11f0-b8c0-2cf05db24bc7',2),('b1dc21f2-30f0-11f0-b8c0-2cf05db24bc7','Photographer, Video Editor',NULL,'2025-05-15 01:24:38','user','2025-05-15 01:24:38.000000','user',1,'842e43d2-30f0-11f0-b8c0-2cf05db24bc7',3),('b1dc4e9f-30f0-11f0-b8c0-2cf05db24bc7','Hậu kỳ sản xuất',NULL,'2025-05-15 01:24:38','user','2025-05-15 01:24:38.000000','user',1,'842e43d2-30f0-11f0-b8c0-2cf05db24bc7',3),('b1dc5063-30f0-11f0-b8c0-2cf05db24bc7','Dẫn chương trình (MC)',NULL,'2025-05-15 01:24:38','user','2025-05-15 01:24:38.000000','user',1,'842e43d2-30f0-11f0-b8c0-2cf05db24bc7',3),('b1dc51a6-30f0-11f0-b8c0-2cf05db24bc7','Biên kịch',NULL,'2025-05-15 01:24:38','user','2025-05-15 01:24:38.000000','user',1,'842e43d2-30f0-11f0-b8c0-2cf05db24bc7',3),('b1dc52c8-30f0-11f0-b8c0-2cf05db24bc7','Đạo diễn',NULL,'2025-05-15 01:24:38','user','2025-05-15 01:24:38.000000','user',1,'842e43d2-30f0-11f0-b8c0-2cf05db24bc7',3),('b1dc540f-30f0-11f0-b8c0-2cf05db24bc7','Animation Design.',NULL,'2025-05-15 01:24:38','user','2025-05-15 01:24:38.000000','user',1,'842e43d2-30f0-11f0-b8c0-2cf05db24bc7',3),('b1dc551f-30f0-11f0-b8c0-2cf05db24bc7','Makeup/Stylist',NULL,'2025-05-15 01:24:38','user','2025-05-15 01:24:38.000000','user',1,'842e43d2-30f0-11f0-b8c0-2cf05db24bc7',3),('b1dc564c-30f0-11f0-b8c0-2cf05db24bc7','Diễn viên',NULL,'2025-05-15 01:24:38','user','2025-05-15 01:24:38.000000','user',1,'842e43d2-30f0-11f0-b8c0-2cf05db24bc7',3),('b1dc59d7-30f0-11f0-b8c0-2cf05db24bc7','Quản lý/Trợ lý nghệ sĩ',NULL,'2025-05-15 01:24:38','user','2025-05-15 01:24:38.000000','user',1,'842e43d2-30f0-11f0-b8c0-2cf05db24bc7',3),('b1dc5cff-30f0-11f0-b8c0-2cf05db24bc7','Producer (Sản xuất phim)',NULL,'2025-05-15 01:24:38','user','2025-05-15 01:24:38.000000','user',1,'842e43d2-30f0-11f0-b8c0-2cf05db24bc7',3),('b32f4eb8-30ef-11f0-b8c0-2cf05db24bc7','Nhà hàng/Dịch vụ ăn uống',NULL,'2025-05-15 01:17:31','user','2025-05-15 01:17:31.000000','user',1,'a17adb68-3086-11f0-b8c0-2cf05db24bc7',2),('b32f8330-30ef-11f0-b8c0-2cf05db24bc7','Sales Nhà hàng/Khách sạn/Du lịch',NULL,'2025-05-15 01:17:31','user','2025-05-15 01:17:31.000000','user',1,'a17adb68-3086-11f0-b8c0-2cf05db24bc7',2),('b32f8904-30ef-11f0-b8c0-2cf05db24bc7','Khách sạn/Dịch vụ cư trú',NULL,'2025-05-15 01:17:31','user','2025-05-15 01:17:31.000000','user',1,'a17adb68-3086-11f0-b8c0-2cf05db24bc7',2),('b32f8fbd-30ef-11f0-b8c0-2cf05db24bc7','Dịch vụ du lịch',NULL,'2025-05-15 01:17:31','user','2025-05-15 01:17:31.000000','user',1,'a17adb68-3086-11f0-b8c0-2cf05db24bc7',2),('b653fe68-30e9-11f0-b8c0-2cf05db24bc7','Kinh doanh dịch vụ viễn thông',NULL,'2025-05-15 00:34:39','user','2025-05-15 00:34:39.000000','user',1,'11fc7905-30e9-11f0-b8c0-2cf05db24bc7',3),('b6540a55-30e9-11f0-b8c0-2cf05db24bc7','Kinh doanh thiết bị/linh kiện điện',NULL,'2025-05-15 00:34:39','user','2025-05-15 00:34:39.000000','user',1,'11fc7905-30e9-11f0-b8c0-2cf05db24bc7',3),('b6540c99-30e9-11f0-b8c0-2cf05db24bc7','Kinh doanh thiết bị công nghiệp',NULL,'2025-05-15 00:34:39','user','2025-05-15 00:34:39.000000','user',1,'11fc7905-30e9-11f0-b8c0-2cf05db24bc7',3),('b65422ee-30e9-11f0-b8c0-2cf05db24bc7','Sales Điện/Điện tử/Viễn thông khác',NULL,'2025-05-15 00:34:39','user','2025-05-15 00:34:39.000000','user',1,'11fc7905-30e9-11f0-b8c0-2cf05db24bc7',3),('b65424db-30e9-11f0-b8c0-2cf05db24bc7','Kinh doanh HVAC',NULL,'2025-05-15 00:34:39','user','2025-05-15 00:34:39.000000','user',1,'11fc7905-30e9-11f0-b8c0-2cf05db24bc7',3),('b654271a-30e9-11f0-b8c0-2cf05db24bc7','Kinh doanh điện mặt trời',NULL,'2025-05-15 00:34:39','user','2025-05-15 00:34:39.000000','user',1,'11fc7905-30e9-11f0-b8c0-2cf05db24bc7',3),('b8a1ee2d-308c-11f0-b8c0-2cf05db24bc7','Kinh doanh dịch vụ quảng cáo',NULL,'2025-05-14 13:28:59','user','2025-05-14 13:28:59.000000','user',1,'0335066f-308c-11f0-b8c0-2cf05db24bc7',3),('b8a33203-308c-11f0-b8c0-2cf05db24bc7','Sales Marketing',NULL,'2025-05-14 13:28:59','user','2025-05-14 13:28:59.000000','user',1,'0335066f-308c-11f0-b8c0-2cf05db24bc7',3),('b8a481d4-308c-11f0-b8c0-2cf05db24bc7','Sales dịch vụ Quảng cáo/Triển lãm/Sự kiện khác',NULL,'2025-05-14 13:28:59','user','2025-05-14 13:28:59.000000','user',1,'0335066f-308c-11f0-b8c0-2cf05db24bc7',3),('b8a48e20-308c-11f0-b8c0-2cf05db24bc7','Kinh doanh tiệc/sự kiện/hội nghị',NULL,'2025-05-14 13:28:59','user','2025-05-14 13:28:59.000000','user',1,'0335066f-308c-11f0-b8c0-2cf05db24bc7',3),('b8a48fff-308c-11f0-b8c0-2cf05db24bc7','Kinh doanh mảng Nhà tài trợ',NULL,'2025-05-14 13:28:59','user','2025-05-14 13:28:59.000000','user',1,'0335066f-308c-11f0-b8c0-2cf05db24bc7',3),('b8a492c4-308c-11f0-b8c0-2cf05db24bc7','Kinh doanh triển lãm',NULL,'2025-05-14 13:28:59','user','2025-05-14 13:28:59.000000','user',1,'0335066f-308c-11f0-b8c0-2cf05db24bc7',3),('bf33df73-30ea-11f0-b8c0-2cf05db24bc7','R&D y dược',NULL,'2025-05-15 00:42:03','user','2025-05-15 00:42:03.000000','user',1,'1b85d158-30ea-11f0-b8c0-2cf05db24bc7',3),('bf34072b-30ea-11f0-b8c0-2cf05db24bc7','Chuyên môn Dược phẩm/Công nghệ sinh học khác',NULL,'2025-05-15 00:42:03','user','2025-05-15 00:42:03.000000','user',1,'1b85d158-30ea-11f0-b8c0-2cf05db24bc7',3),('bf3409a8-30ea-11f0-b8c0-2cf05db24bc7','Sản xuất dược phẩm',NULL,'2025-05-15 00:42:03','user','2025-05-15 00:42:03.000000','user',1,'1b85d158-30ea-11f0-b8c0-2cf05db24bc7',3),('bf340ba5-30ea-11f0-b8c0-2cf05db24bc7','Đăng ký dược phẩm',NULL,'2025-05-15 00:42:03','user','2025-05-15 00:42:03.000000','user',1,'1b85d158-30ea-11f0-b8c0-2cf05db24bc7',3),('bf340d82-30ea-11f0-b8c0-2cf05db24bc7','Nghiên cứu sinh học',NULL,'2025-05-15 00:42:03','user','2025-05-15 00:42:03.000000','user',1,'1b85d158-30ea-11f0-b8c0-2cf05db24bc7',3),('bf340eca-30ea-11f0-b8c0-2cf05db24bc7','Quản lý dự án y dược',NULL,'2025-05-15 00:42:03','user','2025-05-15 00:42:03.000000','user',1,'1b85d158-30ea-11f0-b8c0-2cf05db24bc7',3),('bf341026-30ea-11f0-b8c0-2cf05db24bc7','Kỹ thuật viên nuôi cấy tế bào',NULL,'2025-05-15 00:42:03','user','2025-05-15 00:42:03.000000','user',1,'1b85d158-30ea-11f0-b8c0-2cf05db24bc7',3),('bf3411bb-30ea-11f0-b8c0-2cf05db24bc7','Quản lý cửa hàng thuốc',NULL,'2025-05-15 00:42:03','user','2025-05-15 00:42:03.000000','user',1,'1b85d158-30ea-11f0-b8c0-2cf05db24bc7',3),('c0efd24d-30e8-11f0-b8c0-2cf05db24bc7','Kinh doanh phần mềm',NULL,'2025-05-15 00:27:47','user','2025-05-15 00:27:47.000000','user',1,'ee348f2e-3087-11f0-b8c0-2cf05db24bc7',3),('c0efed0b-30e8-11f0-b8c0-2cf05db24bc7','Kinh doanh Domain/Hosting/Server',NULL,'2025-05-15 00:27:47','user','2025-05-15 00:27:47.000000','user',1,'ee348f2e-3087-11f0-b8c0-2cf05db24bc7',3),('c0eff0b2-30e8-11f0-b8c0-2cf05db24bc7','Sales IT Phần mềm khác',NULL,'2025-05-15 00:27:47','user','2025-05-15 00:27:47.000000','user',1,'ee348f2e-3087-11f0-b8c0-2cf05db24bc7',3),('c8be374e-30ef-11f0-b8c0-2cf05db24bc7','Quản lý nhà hàng',NULL,'2025-05-15 01:18:07','user','2025-05-15 01:18:07.000000','user',1,'b32f4eb8-30ef-11f0-b8c0-2cf05db24bc7',3),('c8be600d-30ef-11f0-b8c0-2cf05db24bc7','Phục vụ',NULL,'2025-05-15 01:18:07','user','2025-05-15 01:18:07.000000','user',1,'b32f4eb8-30ef-11f0-b8c0-2cf05db24bc7',3),('c8be63a9-30ef-11f0-b8c0-2cf05db24bc7','Đầu bếp',NULL,'2025-05-15 01:18:07','user','2025-05-15 01:18:07.000000','user',1,'b32f4eb8-30ef-11f0-b8c0-2cf05db24bc7',3),('c8be659b-30ef-11f0-b8c0-2cf05db24bc7','Chuyên môn Nhà hàng/Dịch vụ ăn uống khác',NULL,'2025-05-15 01:18:07','user','2025-05-15 01:18:07.000000','user',1,'b32f4eb8-30ef-11f0-b8c0-2cf05db24bc7',3),('c8be69c0-30ef-11f0-b8c0-2cf05db24bc7','Pha chế',NULL,'2025-05-15 01:18:07','user','2025-05-15 01:18:07.000000','user',1,'b32f4eb8-30ef-11f0-b8c0-2cf05db24bc7',3),('c8be6b82-30ef-11f0-b8c0-2cf05db24bc7','Phụ bếp',NULL,'2025-05-15 01:18:07','user','2025-05-15 01:18:07.000000','user',1,'b32f4eb8-30ef-11f0-b8c0-2cf05db24bc7',3),('c8be6dae-30ef-11f0-b8c0-2cf05db24bc7','Thu ngân',NULL,'2025-05-15 01:18:07','user','2025-05-15 01:18:07.000000','user',1,'b32f4eb8-30ef-11f0-b8c0-2cf05db24bc7',3),('c8be6fc7-30ef-11f0-b8c0-2cf05db24bc7','Bếp trưởng',NULL,'2025-05-15 01:18:07','user','2025-05-15 01:18:07.000000','user',1,'b32f4eb8-30ef-11f0-b8c0-2cf05db24bc7',3),('c8be75cf-30ef-11f0-b8c0-2cf05db24bc7','Quản lý bếp',NULL,'2025-05-15 01:18:07','user','2025-05-15 01:18:07.000000','user',1,'b32f4eb8-30ef-11f0-b8c0-2cf05db24bc7',3),('c8be77a3-30ef-11f0-b8c0-2cf05db24bc7','Thợ làm bánh',NULL,'2025-05-15 01:18:07','user','2025-05-15 01:18:07.000000','user',1,'b32f4eb8-30ef-11f0-b8c0-2cf05db24bc7',3),('cad1236c-30e5-11f0-b8c0-2cf05db24bc7','Chăm sóc khách hàng',NULL,'2025-05-15 00:06:35','admin','2025-05-15 00:06:35.000000','admin',1,'a179ef39-3086-11f0-b8c0-2cf05db24bc7',2),('cad37368-30e5-11f0-b8c0-2cf05db24bc7','Vận hành Thương mại điện tử',NULL,'2025-05-15 00:06:35','user','2025-05-15 00:06:35.000000','user',1,'a179ef39-3086-11f0-b8c0-2cf05db24bc7',2),('cad3aaf0-30e5-11f0-b8c0-2cf05db24bc7','Dịch vụ khách hàng/Vận hành khác',NULL,'2025-05-15 00:06:35','user','2025-05-15 00:06:35.000000','user',1,'a179ef39-3086-11f0-b8c0-2cf05db24bc7',2),('cad4596c-30e5-11f0-b8c0-2cf05db24bc7','Quản lý vận hành',NULL,'2025-05-15 00:06:35','user','2025-05-15 00:06:35.000000','user',1,'a179ef39-3086-11f0-b8c0-2cf05db24bc7',2),('cb3f1b70-30e7-11f0-b8c0-2cf05db24bc7','DevOps Engineer',NULL,'2025-05-15 00:20:55','user','2025-05-15 00:20:55.000000','user',1,'4ac3739f-30e7-11f0-b8c0-2cf05db24bc7',3),('cb3f26c5-30e7-11f0-b8c0-2cf05db24bc7','Kỹ thuật IT',NULL,'2025-05-15 00:20:55','user','2025-05-15 00:20:55.000000','user',1,'4ac3739f-30e7-11f0-b8c0-2cf05db24bc7',3),('cb3f2a35-30e7-11f0-b8c0-2cf05db24bc7','IT Helpdesk/IT support',NULL,'2025-05-15 00:20:55','user','2025-05-15 00:20:55.000000','user',1,'4ac3739f-30e7-11f0-b8c0-2cf05db24bc7',3),('cb3f2c0d-30e7-11f0-b8c0-2cf05db24bc7','Network Engineer',NULL,'2025-05-15 00:20:55','user','2025-05-15 00:20:55.000000','user',1,'4ac3739f-30e7-11f0-b8c0-2cf05db24bc7',3),('cb3f2dac-30e7-11f0-b8c0-2cf05db24bc7','System Engineer',NULL,'2025-05-15 00:20:55','user','2025-05-15 00:20:55.000000','user',1,'4ac3739f-30e7-11f0-b8c0-2cf05db24bc7',3),('cb3f2f48-30e7-11f0-b8c0-2cf05db24bc7','System Administrator',NULL,'2025-05-15 00:20:55','user','2025-05-15 00:20:55.000000','user',1,'4ac3739f-30e7-11f0-b8c0-2cf05db24bc7',3),('cb3f30a5-30e7-11f0-b8c0-2cf05db24bc7','Cloud Engineer',NULL,'2025-05-15 00:20:55','user','2025-05-15 00:20:55.000000','user',1,'4ac3739f-30e7-11f0-b8c0-2cf05db24bc7',3),('cb3f3215-30e7-11f0-b8c0-2cf05db24bc7','Database Administrator (DBA)',NULL,'2025-05-15 00:20:55','user','2025-05-15 00:20:55.000000','user',1,'4ac3739f-30e7-11f0-b8c0-2cf05db24bc7',3),('ccd3e3e7-3082-11f0-b8c0-2cf05db24bc7','Software Engineer',NULL,'2025-05-14 12:17:58','user','2025-05-14 12:17:58.000000','user',1,'cntt',2),('ccd40456-3082-11f0-b8c0-2cf05db24bc7','Backend Developer',NULL,'2025-05-14 12:17:58','user','2025-05-14 12:17:58.000000','user',1,'ccd3e3e7-3082-11f0-b8c0-2cf05db24bc7',3),('ccd4124a-3082-11f0-b8c0-2cf05db24bc7','Fullstack Developer',NULL,'2025-05-14 12:17:58','user','2025-05-14 12:17:58.000000','user',1,'ccd3e3e7-3082-11f0-b8c0-2cf05db24bc7',3),('ccd414df-3082-11f0-b8c0-2cf05db24bc7','Mobile Developer',NULL,'2025-05-14 12:17:58','user','2025-05-14 12:17:58.000000','user',1,'ccd3e3e7-3082-11f0-b8c0-2cf05db24bc7',3),('ccd4166e-3082-11f0-b8c0-2cf05db24bc7','Frontend Developer',NULL,'2025-05-14 12:17:58','user','2025-05-14 12:17:58.000000','user',1,'ccd3e3e7-3082-11f0-b8c0-2cf05db24bc7',3),('ccd4189a-3082-11f0-b8c0-2cf05db24bc7','Blockchain Engineer',NULL,'2025-05-14 12:17:58','user','2025-05-14 12:17:58.000000','user',1,'ccd3e3e7-3082-11f0-b8c0-2cf05db24bc7',3),('ceff144c-30ec-11f0-b8c0-2cf05db24bc7','Kế toán tổng hợp',NULL,'2025-05-15 00:56:49','user','2025-05-15 00:56:49.000000','user',1,'aefdf047-30ec-11f0-b8c0-2cf05db24bc7',3),('ceff1cdd-30ec-11f0-b8c0-2cf05db24bc7','Kế toán nội bộ',NULL,'2025-05-15 00:56:49','user','2025-05-15 00:56:49.000000','user',1,'aefdf047-30ec-11f0-b8c0-2cf05db24bc7',3),('ceff1fd3-30ec-11f0-b8c0-2cf05db24bc7','Kế toán thuế',NULL,'2025-05-15 00:56:49','user','2025-05-15 00:56:49.000000','user',1,'aefdf047-30ec-11f0-b8c0-2cf05db24bc7',3),('ceff229a-30ec-11f0-b8c0-2cf05db24bc7','Kế toán trưởng',NULL,'2025-05-15 00:56:49','user','2025-05-15 00:56:49.000000','user',1,'aefdf047-30ec-11f0-b8c0-2cf05db24bc7',3),('ceff24e5-30ec-11f0-b8c0-2cf05db24bc7','Kế toán kho/nguyên vật liệu',NULL,'2025-05-15 00:56:49','user','2025-05-15 00:56:49.000000','user',1,'aefdf047-30ec-11f0-b8c0-2cf05db24bc7',3),('ceff2688-30ec-11f0-b8c0-2cf05db24bc7','Kế toán bán hàng',NULL,'2025-05-15 00:56:49','user','2025-05-15 00:56:49.000000','user',1,'aefdf047-30ec-11f0-b8c0-2cf05db24bc7',3),('ceff286e-30ec-11f0-b8c0-2cf05db24bc7','Kế toán công nợ',NULL,'2025-05-15 00:56:49','user','2025-05-15 00:56:49.000000','user',1,'aefdf047-30ec-11f0-b8c0-2cf05db24bc7',3),('ceff2ae7-30ec-11f0-b8c0-2cf05db24bc7','Kế toán khác',NULL,'2025-05-15 00:56:49','user','2025-05-15 00:56:49.000000','user',1,'aefdf047-30ec-11f0-b8c0-2cf05db24bc7',3),('ceff2e64-30ec-11f0-b8c0-2cf05db24bc7','Kế toán thanh toán',NULL,'2025-05-15 00:56:49','user','2025-05-15 00:56:49.000000','user',1,'aefdf047-30ec-11f0-b8c0-2cf05db24bc7',3),('ceff30fd-30ec-11f0-b8c0-2cf05db24bc7','Kế toán chi phí/giá thành',NULL,'2025-05-15 00:56:49','user','2025-05-15 00:56:49.000000','user',1,'aefdf047-30ec-11f0-b8c0-2cf05db24bc7',3),('cntt','Công nghệ thông tin','Công nghệ thông tin khác','2025-01-09 22:26:39','admin','2025-01-09 22:26:39.000000','admin',1,NULL,1),('d2c74a2b-30f1-11f0-b8c0-2cf05db24bc7','Sales Tài chính, Ngân hàng, Bảo hiểm',NULL,'2025-05-15 01:32:43','user','2025-05-15 01:32:43.000000','user',1,'a17a024d-3086-11f0-b8c0-2cf05db24bc7',2),('d2c75075-30f1-11f0-b8c0-2cf05db24bc7','Thẩm định và quản trị rủi ro',NULL,'2025-05-15 01:32:43','user','2025-05-15 01:32:43.000000','user',1,'a17a024d-3086-11f0-b8c0-2cf05db24bc7',2),('d5ca22f5-30e4-11f0-b8c0-2cf05db24bc7','Kỹ sư xây dựng',NULL,'2025-05-14 23:59:44','user','2025-05-14 23:59:44.000000','user',1,'7061408a-30e4-11f0-b8c0-2cf05db24bc7',3),('d5ca429f-30e4-11f0-b8c0-2cf05db24bc7','Kiến trúc sư',NULL,'2025-05-14 23:59:44','user','2025-05-14 23:59:44.000000','user',1,'7061408a-30e4-11f0-b8c0-2cf05db24bc7',3),('d5ca4483-30e4-11f0-b8c0-2cf05db24bc7','Thiết kế nội thất',NULL,'2025-05-14 23:59:44','user','2025-05-14 23:59:44.000000','user',1,'7061408a-30e4-11f0-b8c0-2cf05db24bc7',3),('d5ca45ea-30e4-11f0-b8c0-2cf05db24bc7','Kỹ sư cơ điện',NULL,'2025-05-14 23:59:44','user','2025-05-14 23:59:44.000000','user',1,'11fc4d83-30e9-11f0-b8c0-2cf05db24bc7',3),('d5ca4746-30e4-11f0-b8c0-2cf05db24bc7','Kỹ sư kết cấu công trình',NULL,'2025-05-14 23:59:44','user','2025-05-14 23:59:44.000000','user',1,'7061408a-30e4-11f0-b8c0-2cf05db24bc7',3),('d5ca4cd3-30e4-11f0-b8c0-2cf05db24bc7','Kỹ sư cấp thoát nước',NULL,'2025-05-14 23:59:44','user','2025-05-14 23:59:44.000000','user',1,'7061408a-30e4-11f0-b8c0-2cf05db24bc7',3),('d5ca4e25-30e4-11f0-b8c0-2cf05db24bc7','Kỹ sư PCCC',NULL,'2025-05-14 23:59:44','user','2025-05-14 23:59:44.000000','user',1,'7061408a-30e4-11f0-b8c0-2cf05db24bc7',3),('d5ca4f7f-30e4-11f0-b8c0-2cf05db24bc7','Kỹ sư HVAC',NULL,'2025-05-14 23:59:44','user','2025-05-14 23:59:44.000000','user',1,'7061408a-30e4-11f0-b8c0-2cf05db24bc7',3),('d5cbc8b6-30e4-11f0-b8c0-2cf05db24bc7','Chuyên môn Thiết kế và Kiến trúc khác',NULL,'2025-05-14 23:59:44','user','2025-05-14 23:59:44.000000','user',1,'7061408a-30e4-11f0-b8c0-2cf05db24bc7',3),('d5cbca5f-30e4-11f0-b8c0-2cf05db24bc7','Kỹ sư hệ thống điện nhẹ',NULL,'2025-05-14 23:59:44','user','2025-05-14 23:59:44.000000','user',1,'7061408a-30e4-11f0-b8c0-2cf05db24bc7',3),('dde988f5-30ef-11f0-b8c0-2cf05db24bc7','Sales Tour/Kinh doanh du lịch',NULL,'2025-05-15 01:18:42','user','2025-05-15 01:18:42.000000','user',1,'b32f8330-30ef-11f0-b8c0-2cf05db24bc7',3),('dde9adbc-30ef-11f0-b8c0-2cf05db24bc7','Sales Nhà hàng/Khách sạn/Du lịch khác',NULL,'2025-05-15 01:18:42','user','2025-05-15 01:18:42.000000','user',1,'b32f8330-30ef-11f0-b8c0-2cf05db24bc7',3),('dde9b12e-30ef-11f0-b8c0-2cf05db24bc7','Kinh doanh OTA',NULL,'2025-05-15 01:18:42','user','2025-05-15 01:18:42.000000','user',1,'b32f8330-30ef-11f0-b8c0-2cf05db24bc7',3),('dde9b3d8-30ef-11f0-b8c0-2cf05db24bc7','Bán vé máy bay (Ticketing/Booker)',NULL,'2025-05-15 01:18:42','user','2025-05-15 01:18:42.000000','user',1,'b32f8330-30ef-11f0-b8c0-2cf05db24bc7',3),('ddeab64b-30ef-11f0-b8c0-2cf05db24bc7','Kinh doanh HORECA',NULL,'2025-05-15 01:18:42','user','2025-05-15 01:18:42.000000','user',1,'b32f8330-30ef-11f0-b8c0-2cf05db24bc7',3),('ddeaba42-30ef-11f0-b8c0-2cf05db24bc7','Kinh doanh khách sạn',NULL,'2025-05-15 01:18:42','user','2025-05-15 01:18:42.000000','user',1,'b32f8330-30ef-11f0-b8c0-2cf05db24bc7',3),('ddeabc16-30ef-11f0-b8c0-2cf05db24bc7','Kinh doanh khách đoàn (MICE)',NULL,'2025-05-15 01:18:42','user','2025-05-15 01:18:42.000000','user',1,'b32f8330-30ef-11f0-b8c0-2cf05db24bc7',3),('def0cb91-30ed-11f0-b8c0-2cf05db24bc7','Dịch vụ pháp lý (Agency/Firm)',NULL,'2025-05-15 01:04:25','user','2025-05-15 01:04:25.000000','user',1,'a17a79a4-3086-11f0-b8c0-2cf05db24bc7',2),('def11741-30ed-11f0-b8c0-2cf05db24bc7','Dịch vụ pháp chế (In-house)',NULL,'2025-05-15 01:04:25','user','2025-05-15 01:04:25.000000','user',1,'a17a79a4-3086-11f0-b8c0-2cf05db24bc7',2),('def11b3d-30ed-11f0-b8c0-2cf05db24bc7','Nhân sự',NULL,'2025-05-15 01:04:25','user','2025-05-15 01:04:25.000000','user',1,'a17a79a4-3086-11f0-b8c0-2cf05db24bc7',2),('def11e69-30ed-11f0-b8c0-2cf05db24bc7','Ngân hàng',NULL,'2025-05-15 01:04:25','user','2025-05-15 01:04:25.000000','user',1,'a17a79a4-3086-11f0-b8c0-2cf05db24bc7',2),('def12145-30ed-11f0-b8c0-2cf05db24bc7','Hành chính',NULL,'2025-05-15 01:04:25','user','2025-05-15 01:04:25.000000','user',1,'a17a79a4-3086-11f0-b8c0-2cf05db24bc7',2),('dfc9efaa-30f0-11f0-b8c0-2cf05db24bc7','Biên tập viên',NULL,'2025-05-15 01:25:55','user','2025-05-15 01:25:55.000000','user',1,'842e7a4f-30f0-11f0-b8c0-2cf05db24bc7',3),('dfcb3170-30f0-11f0-b8c0-2cf05db24bc7','Hiệu đính và nhập liệu',NULL,'2025-05-15 01:25:55','user','2025-05-15 01:25:55.000000','user',1,'842e7a4f-30f0-11f0-b8c0-2cf05db24bc7',3),('dfcb33ba-30f0-11f0-b8c0-2cf05db24bc7','Phóng viên/Biên tập viên tin tức',NULL,'2025-05-15 01:25:55','user','2025-05-15 01:25:55.000000','user',1,'842e7a4f-30f0-11f0-b8c0-2cf05db24bc7',3),('dfcb34f7-30f0-11f0-b8c0-2cf05db24bc7','Chuyên môn Biên tập/Viết/Xuất bản khác',NULL,'2025-05-15 01:25:55','user','2025-05-15 01:25:55.000000','user',1,'842e7a4f-30f0-11f0-b8c0-2cf05db24bc7',3),('dfcb3605-30f0-11f0-b8c0-2cf05db24bc7','Tổng biên tập/Phó tổng biên tập',NULL,'2025-05-15 01:25:55','user','2025-05-15 01:25:55.000000','user',1,'842e7a4f-30f0-11f0-b8c0-2cf05db24bc7',3),('dfcb3731-30f0-11f0-b8c0-2cf05db24bc7','In ấn và sắp chữ',NULL,'2025-05-15 01:25:55','user','2025-05-15 01:25:55.000000','user',1,'842e7a4f-30f0-11f0-b8c0-2cf05db24bc7',3),('dfcb3825-30f0-11f0-b8c0-2cf05db24bc7','Nhân viên chế bản',NULL,'2025-05-15 01:25:55','user','2025-05-15 01:25:55.000000','user',1,'842e7a4f-30f0-11f0-b8c0-2cf05db24bc7',3),('e80f0979-30ec-11f0-b8c0-2cf05db24bc7','Chuyên môn Kế toán/Kiểm toán/Thuế khác',NULL,'2025-05-15 00:57:31','user','2025-05-15 00:57:31.000000','user',1,'aefe1303-30ec-11f0-b8c0-2cf05db24bc7',3),('e94282bb-30e7-11f0-b8c0-2cf05db24bc7','Software Tester (Automation & Manual)',NULL,'2025-05-15 00:21:45','user','2025-05-15 00:21:45.000000','user',1,'4ac37e3d-30e7-11f0-b8c0-2cf05db24bc7',3),('e9438543-30e7-11f0-b8c0-2cf05db24bc7','Manual Tester',NULL,'2025-05-15 00:21:45','user','2025-05-15 00:21:45.000000','user',1,'4ac37e3d-30e7-11f0-b8c0-2cf05db24bc7',3),('e9438898-30e7-11f0-b8c0-2cf05db24bc7','Automation Tester',NULL,'2025-05-15 00:21:45','user','2025-05-15 00:21:45.000000','user',1,'4ac37e3d-30e7-11f0-b8c0-2cf05db24bc7',3),('e9438a5c-30e7-11f0-b8c0-2cf05db24bc7','QA Engineer',NULL,'2025-05-15 00:21:45','user','2025-05-15 00:21:45.000000','user',1,'4ac37e3d-30e7-11f0-b8c0-2cf05db24bc7',3),('e9438b98-30e7-11f0-b8c0-2cf05db24bc7','Process Quality Assurance (PQA)',NULL,'2025-05-15 00:21:45','user','2025-05-15 00:21:45.000000','user',1,'4ac37e3d-30e7-11f0-b8c0-2cf05db24bc7',3),('e9438d27-30e7-11f0-b8c0-2cf05db24bc7','Game Tester',NULL,'2025-05-15 00:21:45','user','2025-05-15 00:21:45.000000','user',1,'4ac37e3d-30e7-11f0-b8c0-2cf05db24bc7',3),('ec7537bb-30f1-11f0-b8c0-2cf05db24bc7','Quan hệ khách hàng cá nhân/doanh nghiệp',NULL,'2025-05-15 01:33:26','user','2025-05-15 01:33:26.000000','user',1,'d2c74a2b-30f1-11f0-b8c0-2cf05db24bc7',3),('ec756328-30f1-11f0-b8c0-2cf05db24bc7','Tư vấn tín dụng',NULL,'2025-05-15 01:33:26','user','2025-05-15 01:33:26.000000','user',1,'d2c74a2b-30f1-11f0-b8c0-2cf05db24bc7',3),('ec756605-30f1-11f0-b8c0-2cf05db24bc7','Tư vấn tài chính',NULL,'2025-05-15 01:33:26','user','2025-05-15 01:33:26.000000','user',1,'d2c74a2b-30f1-11f0-b8c0-2cf05db24bc7',3),('ec756983-30f1-11f0-b8c0-2cf05db24bc7','Sales Tài chính/Ngân hàng/Bảo hiểm khác',NULL,'2025-05-15 01:33:26','user','2025-05-15 01:33:26.000000','user',1,'d2c74a2b-30f1-11f0-b8c0-2cf05db24bc7',3),('ec756c5d-30f1-11f0-b8c0-2cf05db24bc7','Tư vấn bảo hiểm',NULL,'2025-05-15 01:33:26','user','2025-05-15 01:33:26.000000','user',1,'d2c74a2b-30f1-11f0-b8c0-2cf05db24bc7',3),('ec756e9c-30f1-11f0-b8c0-2cf05db24bc7','Bancassurance',NULL,'2025-05-15 01:33:26','user','2025-05-15 01:33:26.000000','user',1,'d2c74a2b-30f1-11f0-b8c0-2cf05db24bc7',3),('ec7570d8-30f1-11f0-b8c0-2cf05db24bc7','Tư vấn đầu tư',NULL,'2025-05-15 01:33:26','user','2025-05-15 01:33:26.000000','user',1,'d2c74a2b-30f1-11f0-b8c0-2cf05db24bc7',3),('ec7572ba-30f1-11f0-b8c0-2cf05db24bc7','Tư vấn chứng khoán',NULL,'2025-05-15 01:33:26','user','2025-05-15 01:33:26.000000','user',1,'d2c74a2b-30f1-11f0-b8c0-2cf05db24bc7',3),('ec7575ca-30f1-11f0-b8c0-2cf05db24bc7','Tư vấn trả góp',NULL,'2025-05-15 01:33:26','user','2025-05-15 01:33:26.000000','user',1,'d2c74a2b-30f1-11f0-b8c0-2cf05db24bc7',3),('ec7577b6-30f1-11f0-b8c0-2cf05db24bc7','Kinh doanh ngoại hối, vàng, phái sinh',NULL,'2025-05-15 01:33:26','user','2025-05-15 01:33:26.000000','user',1,'d2c74a2b-30f1-11f0-b8c0-2cf05db24bc7',3),('ee328d45-3087-11f0-b8c0-2cf05db24bc7','Sales Bán lẻ/Dịch vụ tiêu dùng',NULL,'2025-05-14 12:54:42','user','2025-05-14 12:54:42.000000','user',1,'a176165d-3086-11f0-b8c0-2cf05db24bc7',2),('ee3431ff-3087-11f0-b8c0-2cf05db24bc7','Kinh doanh/Bán hàng khác',NULL,'2025-05-14 12:54:42','user','2025-05-14 12:54:42.000000','user',1,'a176165d-3086-11f0-b8c0-2cf05db24bc7',2),('ee3471f4-3087-11f0-b8c0-2cf05db24bc7','Sales Giáo dục/Khoá học',NULL,'2025-05-14 12:54:42','user','2025-05-14 12:54:42.000000','user',1,'a176165d-3086-11f0-b8c0-2cf05db24bc7',2),('ee347522-3087-11f0-b8c0-2cf05db24bc7','Quản lý kinh doanh',NULL,'2025-05-14 12:54:42','user','2025-05-14 12:54:42.000000','user',1,'a176165d-3086-11f0-b8c0-2cf05db24bc7',2),('ee347684-3087-11f0-b8c0-2cf05db24bc7','Sales Dược/Y tế/Sức khoẻ/Làm đẹp',NULL,'2025-05-14 12:54:42','user','2025-05-14 12:54:42.000000','user',1,'a176165d-3086-11f0-b8c0-2cf05db24bc7',2),('ee348cb2-3087-11f0-b8c0-2cf05db24bc7','Sales Bất động sản/Xây dựng',NULL,'2025-05-14 12:54:42','user','2025-05-14 12:54:42.000000','user',1,'a176165d-3086-11f0-b8c0-2cf05db24bc7',2),('ee348f2e-3087-11f0-b8c0-2cf05db24bc7','Sales IT Phần mềm',NULL,'2025-05-14 12:54:42','user','2025-05-14 12:54:42.000000','user',1,'cntt',2),('ee3491bf-3087-11f0-b8c0-2cf05db24bc7','Sales Kỹ thuật (Sales Engineer)',NULL,'2025-05-14 12:54:42','user','2025-05-14 12:54:42.000000','user',1,'a176165d-3086-11f0-b8c0-2cf05db24bc7',2),('ee34976f-3087-11f0-b8c0-2cf05db24bc7','Sales Tài chính/Ngân hàng/Bảo hiểm',NULL,'2025-05-14 12:54:42','user','2025-05-14 12:54:42.000000','user',1,'a176165d-3086-11f0-b8c0-2cf05db24bc7',2),('ee34992d-3087-11f0-b8c0-2cf05db24bc7','Sales Admin/Sales Support',NULL,'2025-05-14 12:54:42','user','2025-05-14 12:54:42.000000','user',1,'a176165d-3086-11f0-b8c0-2cf05db24bc7',2),('f2414519-3089-11f0-b8c0-2cf05db24bc7','Chuyên môn Kinh doanh/Bán hàng khác',NULL,'2025-05-14 13:09:08','user','2025-05-14 13:09:08.000000','user',1,'ee3431ff-3087-11f0-b8c0-2cf05db24bc7',3),('f2456a63-3089-11f0-b8c0-2cf05db24bc7','Sales Representative/Phát triển kinh doanh',NULL,'2025-05-14 13:09:08','user','2025-05-14 13:09:08.000000','user',1,'ee3431ff-3087-11f0-b8c0-2cf05db24bc7',3),('f2458110-3089-11f0-b8c0-2cf05db24bc7','Account Manager (Quản lý khách hàng)',NULL,'2025-05-14 13:09:08','user','2025-05-14 13:09:08.000000','user',1,'ee3431ff-3087-11f0-b8c0-2cf05db24bc7',3),('f2458666-3089-11f0-b8c0-2cf05db24bc7','Trợ lý kinh doanh',NULL,'2025-05-14 13:09:08','user','2025-05-14 13:09:08.000000','user',1,'ee3431ff-3087-11f0-b8c0-2cf05db24bc7',3),('f24592cf-3089-11f0-b8c0-2cf05db24bc7','Account Executive',NULL,'2025-05-14 13:09:08','user','2025-05-14 13:09:08.000000','user',1,'ee3431ff-3087-11f0-b8c0-2cf05db24bc7',3),('f245a97f-3089-11f0-b8c0-2cf05db24bc7','Kinh doanh nông sản',NULL,'2025-05-14 13:09:08','user','2025-05-14 13:09:08.000000','user',1,'ee3431ff-3087-11f0-b8c0-2cf05db24bc7',3),('f245bab8-3089-11f0-b8c0-2cf05db24bc7','Sales Dịch vụ kế toán',NULL,'2025-05-14 13:09:08','user','2025-05-14 13:09:08.000000','user',1,'ee3431ff-3087-11f0-b8c0-2cf05db24bc7',3),('faf85608-30e5-11f0-b8c0-2cf05db24bc7','Vận hành sàn thương mại điện tử',NULL,'2025-05-15 00:07:56','user','2025-05-15 00:07:56.000000','user',1,'cad37368-30e5-11f0-b8c0-2cf05db24bc7',3),('fbbe5238-30ec-11f0-b8c0-2cf05db24bc7','Kiểm toán nội bộ',NULL,'2025-05-15 00:58:04','user','2025-05-15 00:58:04.000000','user',1,'aefe162a-30ec-11f0-b8c0-2cf05db24bc7',3),('fbbe684b-30ec-11f0-b8c0-2cf05db24bc7','Kiểm toán viên',NULL,'2025-05-15 00:58:04','user','2025-05-15 00:58:04.000000','user',1,'aefe162a-30ec-11f0-b8c0-2cf05db24bc7',3),('fbbe6b0b-30ec-11f0-b8c0-2cf05db24bc7','Trưởng nhóm kiểm toán',NULL,'2025-05-15 00:58:04','user','2025-05-15 00:58:04.000000','user',1,'aefe162a-30ec-11f0-b8c0-2cf05db24bc7',3),('fbbe6c58-30ec-11f0-b8c0-2cf05db24bc7','Chuyên môn Kiểm toán khác',NULL,'2025-05-15 00:58:04','user','2025-05-15 00:58:04.000000','user',1,'aefe162a-30ec-11f0-b8c0-2cf05db24bc7',3),('fbbe6d85-30ec-11f0-b8c0-2cf05db24bc7','Kiểm toán độc lập',NULL,'2025-05-15 00:58:04','user','2025-05-15 00:58:04.000000','user',1,'aefe162a-30ec-11f0-b8c0-2cf05db24bc7',3);
/*!40000 ALTER TABLE `categories` ENABLE KEYS */;
UNLOCK TABLES;

--
-- Table structure for table `categories_job`
--

DROP TABLE IF EXISTS `categories_job`;
/*!40101 SET @saved_cs_client     = @@character_set_client */;
/*!50503 SET character_set_client = utf8mb4 */;
CREATE TABLE `categories_job` (
  `id` varchar(36) NOT NULL,
  `job_id` varchar(36) NOT NULL,
  `category_id` varchar(36) NOT NULL,
  `created_at` datetime DEFAULT CURRENT_TIMESTAMP,
  `updated_at` datetime DEFAULT CURRENT_TIMESTAMP,
  PRIMARY KEY (`id`),
  KEY `job_id` (`job_id`),
  KEY `category_id` (`category_id`),
  CONSTRAINT `categories_job_ibfk_1` FOREIGN KEY (`job_id`) REFERENCES `jobs` (`job_id`),
  CONSTRAINT `categories_job_ibfk_2` FOREIGN KEY (`category_id`) REFERENCES `cv_categories` (`category_id`)
) ENGINE=InnoDB DEFAULT CHARSET=utf8mb4 COLLATE=utf8mb4_0900_ai_ci;
/*!40101 SET character_set_client = @saved_cs_client */;

--
-- Dumping data for table `categories_job`
--

LOCK TABLES `categories_job` WRITE;
/*!40000 ALTER TABLE `categories_job` DISABLE KEYS */;
INSERT INTO `categories_job` VALUES ('cat-job-001','1f29e210-ce9e-11ef-9430-2cf05db24bc7','pos-developer','2025-01-14 13:37:09','2025-01-14 13:37:09'),('cat-job-002','1f29e210-ce9e-11ef-9430-2cf05db24bc7','pos-developer','2025-01-14 13:37:09','2025-01-14 13:37:09'),('cat-job-003','1f29e210-ce9e-11ef-9430-2cf05db24bc7','pos-marketing','2025-01-14 13:37:09','2025-01-14 13:37:09'),('cat-job-004','1f2a1f84-ce9e-11ef-9430-2cf05db24bc7','pos-marketing','2025-01-14 13:37:09','2025-01-14 13:37:09'),('cat-job-005','1f2a1f84-ce9e-11ef-9430-2cf05db24bc7','pos-sales-exec','2025-01-14 13:37:09','2025-01-14 13:37:09'),('cat-job-006','1f2a1f84-ce9e-11ef-9430-2cf05db24bc7','pos-sales-exec','2025-01-14 13:37:09','2025-01-14 13:37:09'),('cat-job-007','1f2a2488-ce9e-11ef-9430-2cf05db24bc7','pos-developer','2025-01-14 13:37:09','2025-01-14 13:37:09'),('cat-job-008','1f2a2488-ce9e-11ef-9430-2cf05db24bc7','pos-developer','2025-01-14 13:37:09','2025-01-14 13:37:09'),('cat-job-009','1f2a2488-ce9e-11ef-9430-2cf05db24bc7','pos-marketing','2025-01-14 13:37:09','2025-01-14 13:37:09'),('cat-job-010','1f2a2abd-ce9e-11ef-9430-2cf05db24bc7','pos-marketing','2025-01-14 13:37:09','2025-01-14 13:37:09');
/*!40000 ALTER TABLE `categories_job` ENABLE KEYS */;
UNLOCK TABLES;

--
-- Table structure for table `companies`
--

DROP TABLE IF EXISTS `companies`;
/*!40101 SET @saved_cs_client     = @@character_set_client */;
/*!50503 SET character_set_client = utf8mb4 */;
CREATE TABLE `companies` (
  `company_id` varchar(36) NOT NULL,
  `company_name` varchar(255) NOT NULL,
  `address` text,
  `website` varchar(255) DEFAULT NULL,
  `description` text,
  `logo` varchar(255) DEFAULT NULL,
  `created_at` datetime DEFAULT NULL,
  `created_by` varchar(255) DEFAULT NULL,
  `last_modified_at` datetime(6) DEFAULT NULL,
  `last_modified_by` varchar(255) DEFAULT NULL,
  `company_emp` varchar(255) DEFAULT NULL,
  `version` int DEFAULT '1',
  `banner` varchar(255) DEFAULT NULL,
  `size` varchar(45) DEFAULT NULL,
  `plan` enum('Basic','Pro','ProMax') DEFAULT 'Basic',
  `plan_expired_at` datetime DEFAULT NULL,
  PRIMARY KEY (`company_id`),
  UNIQUE KEY `company_name` (`company_name`)
) ENGINE=InnoDB DEFAULT CHARSET=utf8mb4 COLLATE=utf8mb4_0900_ai_ci;
/*!40101 SET character_set_client = @saved_cs_client */;

--
-- Dumping data for table `companies`
--

LOCK TABLES `companies` WRITE;
/*!40000 ALTER TABLE `companies` DISABLE KEYS */;
INSERT INTO `companies` VALUES ('1','TechCorp','123 Silicon Valley, CA','https://www.techcorp.com','A leading technology company','https://res.cloudinary.com/dh5cevmhm/image/upload/v1741425215/company_logos/company_8_1741425212535.jpg','2025-01-10 11:28:37','admin','2025-01-10 11:28:37.000000','admin','500',1,NULL,'1000-2000 Nhân viên','Basic',NULL),('10','FashionX','321 Style St, NY','https://www.fashionx.com','Fashion retail and online shopping','logo10.png','2025-01-10 11:28:37','admin','2025-01-10 11:28:37.000000','admin','600',1,NULL,'500 - 600 Nhân viên','Basic',NULL),('1f223c0f-ce9e-11ef-9430-2cf05db24bc7','TechRecruiters Inc.','123 Tech St, Silicon Valley','www.techrecruiters.com','Công ty ABC là doanh nghiệp hàng đầu trong lĩnh vực công nghệ, chuyên cung cấp giải pháp phần mềm và dịch vụ tư vấn CNTT. Được thành lập vào năm 2015, ABC không ngừng đổi mới để mang đến những sản phẩm chất lượng cao, đáp ứng nhu cầu của khách hàng trong và ngoài nước. Công ty hoạt động trong các lĩnh vực như phát triển ứng dụng web, di động, trí tuệ nhân tạo (AI) và điện toán đám mây. Với đội ngũ chuyên gia giàu kinh nghiệm, ABC cam kết cung cấp các giải pháp tối ưu giúp doanh nghiệp nâng cao hiệu suất và tối đa hóa lợi nhuận','https://res.cloudinary.com/dh5cevmhm/image/upload/v1741436536/company_logos/company_7_1741436532840.jpg','2025-01-09 22:26:39','admin','2025-01-09 22:26:39.000000','admin','John Doe',1,NULL,'300 Nhân viên','Basic',NULL),('1f224ed5-ce9e-11ef-9430-2cf05db24bc7','JobsNow Ltd.','456 Jobs Ave, New York','www.jobsnow.com','Job listings company','https://res.cloudinary.com/dh5cevmhm/image/upload/v1741436536/company_logos/company_7_1741436532840.jpg','2025-01-09 22:26:39','admin','2025-01-09 22:26:39.000000','admin','Jane Smith',1,NULL,NULL,'Basic',NULL),('2','HealthPlus','456 Medical St, NY','https://www.healthplus.com','Innovative healthcare solutions','logo2.png','2025-01-10 11:28:37','admin','2025-01-10 11:28:37.000000','admin','300',1,NULL,NULL,'Basic',NULL),('3','EduLearn','789 Education Blvd, TX','https://www.edulearn.com','Online learning platform','logo3.png','2025-01-10 11:28:37','admin','2025-01-10 11:28:37.000000','admin','200',1,NULL,NULL,'Basic',NULL),('4','GreenWorld','321 Green Rd, FL','https://www.greenworld.com','Eco-friendly products and services','logo4.png','2025-01-10 11:28:37','admin','2025-01-10 11:28:37.000000','admin','150',1,NULL,NULL,'Basic',NULL),('5','FoodiePro','654 Food Lane, CA','https://www.foodiepro.com','Gourmet food delivery service','logo5.png','2025-01-10 11:28:37','admin','2025-01-10 11:28:37.000000','admin','100',1,NULL,NULL,'Basic',NULL),('6','FinTech Solutions','987 Financial Ave, NY','https://www.fintech.com','Innovative financial technologies','logo6.png','2025-01-10 11:28:37','admin','2025-01-10 11:28:37.000000','admin','250',1,NULL,NULL,'Basic',NULL),('7','AutoBikedSmartHomezarrr','','https://www.smarthome.com','Smart home devices and servicesss','https://res.cloudinary.com/dh5cevmhm/image/upload/v1747182676/company_logos/company_7_1747182675793.png','2025-01-10 11:28:37','admin','2025-01-10 11:28:37.000000','admin','799',1,'https://res.cloudinary.com/dh5cevmhm/image/upload/v1747182677/company_banners/company_7_1747182677594.png',NULL,'ProMax','2025-12-10 11:28:37'),('8','SmartHome','456 Home Ave, CA','https://www.smarthome.com','Smart home devices and services','https://res.cloudinary.com/dh5cevmhm/image/upload/v1742459420/company_logos/company_8_1742459418985.jpg','2025-01-10 11:28:37','admin','2025-01-10 11:28:37.000000','admin','400',1,'https://res.cloudinary.com/dh5cevmhm/image/upload/v1742459421/company_banners/company_8_1742459421645.jpg',NULL,'ProMax',NULL),('9','CyberTech','789 Cyber Rd, TX','https://www.cybertech.com','Cybersecurity and tech consulting','logo9.png','2025-01-10 11:28:37','admin','2025-01-10 11:28:37.000000','admin','350',1,NULL,NULL,'ProMax',NULL),('comp-upmt3zats','Hehe','Chợ Mới, Bắc Kạn','https://www.smarthome.com','',NULL,'2025-05-14 01:13:40',NULL,NULL,'36','10',1,NULL,'Nhỏ hơn 20','Basic',NULL);
/*!40000 ALTER TABLE `companies` ENABLE KEYS */;
UNLOCK TABLES;

--
-- Table structure for table `job_skills`
--

DROP TABLE IF EXISTS `job_skills`;
/*!40101 SET @saved_cs_client     = @@character_set_client */;
/*!50503 SET character_set_client = utf8mb4 */;
CREATE TABLE `job_skills` (
  `job_id` varchar(36) NOT NULL,
  `skill_id` varchar(36) NOT NULL,
  PRIMARY KEY (`job_id`,`skill_id`),
  KEY `skill_id` (`skill_id`),
  CONSTRAINT `job_skills_ibfk_1` FOREIGN KEY (`job_id`) REFERENCES `jobs` (`job_id`) ON DELETE CASCADE,
  CONSTRAINT `job_skills_ibfk_2` FOREIGN KEY (`skill_id`) REFERENCES `skills` (`skill_id`) ON DELETE CASCADE
) ENGINE=InnoDB DEFAULT CHARSET=utf8mb4 COLLATE=utf8mb4_0900_ai_ci;
/*!40101 SET character_set_client = @saved_cs_client */;

--
-- Dumping data for table `job_skills`
--

LOCK TABLES `job_skills` WRITE;
/*!40000 ALTER TABLE `job_skills` DISABLE KEYS */;
INSERT INTO `job_skills` VALUES ('1f29e210-ce9e-11ef-9430-2cf05db24bc7','1f366a6b-ce9e-11ef-9430-2cf05db24bc7'),('1f2da3fc-ce9e-11ef-9430-2cf05db24bc7','1f366a6b-ce9e-11ef-9430-2cf05db24bc7'),('1f29e210-ce9e-11ef-9430-2cf05db24bc7','1f36858f-ce9e-11ef-9430-2cf05db24bc7'),('1f2da3fc-ce9e-11ef-9430-2cf05db24bc7','1f36858f-ce9e-11ef-9430-2cf05db24bc7'),('1f2a1511-ce9e-11ef-9430-2cf05db24bc7','1f368875-ce9e-11ef-9430-2cf05db24bc7'),('1f2da3fc-ce9e-11ef-9430-2cf05db24bc7','1f368875-ce9e-11ef-9430-2cf05db24bc7'),('1f2a1511-ce9e-11ef-9430-2cf05db24bc7','1f3689ba-ce9e-11ef-9430-2cf05db24bc7'),('1f2da3fc-ce9e-11ef-9430-2cf05db24bc7','1f3689ba-ce9e-11ef-9430-2cf05db24bc7');
/*!40000 ALTER TABLE `job_skills` ENABLE KEYS */;
UNLOCK TABLES;

--
-- Table structure for table `jobs`
--

DROP TABLE IF EXISTS `jobs`;
/*!40101 SET @saved_cs_client     = @@character_set_client */;
/*!50503 SET character_set_client = utf8mb4 */;
CREATE TABLE `jobs` (
  `job_id` varchar(36) NOT NULL,
  `title` varchar(255) NOT NULL,
  `description` text,
  `salary` varchar(255) DEFAULT NULL,
  `location` varchar(255) DEFAULT NULL,
  `experience` varchar(255) DEFAULT NULL,
  `benefits` text,
  `job_requirements` text,
  `working_time` varchar(255) DEFAULT NULL,
  `working_location` varchar(255) DEFAULT NULL,
  `status` enum('Active','Closed','Pending') DEFAULT 'Pending',
  `company_id` varchar(36) DEFAULT NULL,
  `category_id` varchar(36) DEFAULT NULL,
  `deadline` datetime(6) DEFAULT NULL,
  `job_embedding` text,
  `created_at` datetime DEFAULT NULL,
  `created_by` varchar(255) DEFAULT NULL,
  `last_modified_at` datetime(6) DEFAULT NULL,
  `last_modified_by` varchar(255) DEFAULT NULL,
  `version` int DEFAULT '1',
  `quantity` int DEFAULT '2',
  `rank` varchar(45) DEFAULT 'Quản lý / Giám sát',
  `education` varchar(45) DEFAULT 'Đại Học trở lên',
  PRIMARY KEY (`job_id`),
  KEY `company_id` (`company_id`),
  KEY `category_id` (`category_id`),
  CONSTRAINT `jobs_ibfk_1` FOREIGN KEY (`company_id`) REFERENCES `companies` (`company_id`) ON DELETE CASCADE,
  CONSTRAINT `jobs_ibfk_2` FOREIGN KEY (`category_id`) REFERENCES `categories` (`category_id`) ON DELETE SET NULL
) ENGINE=InnoDB DEFAULT CHARSET=utf8mb4 COLLATE=utf8mb4_0900_ai_ci;
/*!40101 SET character_set_client = @saved_cs_client */;

--
-- Dumping data for table `jobs`
--

LOCK TABLES `jobs` WRITE;
/*!40000 ALTER TABLE `jobs` DISABLE KEYS */;
INSERT INTO `jobs` VALUES ('1f29e210-ce9e-11ef-9430-2cf05db24bc7','Software duc','Develop and maintain software applications for various platforms. Collaborate with teams to design and implement new features.','Dưới 10 triệu','New York, NY','Dưới 1 năm','Health Insurance, 401k','Proficient in JavaScript, React, Node.js','Toàn thời gian','Remote','Pending','1f223c0f-ce9e-11ef-9430-2cf05db24bc7','ccd40456-3082-11f0-b8c0-2cf05db24bc7','2025-01-09 00:00:00.000000',NULL,'2025-01-09 22:26:39','admin','2025-01-09 22:26:39.000000','admin',1,2,'Quản lý / Giám sát','Cấp 3 trở lên'),('1f2a1511-ce9e-11ef-9430-2cf05db24bc7','Data Scientist','Analyze data to provide insights and drive decision-making. Work with machine learning models and algorithms.','Dưới 10 triệu','San Francisco, CA','2 năm','Health Insurance, Paid Time Off','Proficient in Python, R, and machine learning algorithms','Toàn thời gian','On-site','Pending','1f223c0f-ce9e-11ef-9430-2cf05db24bc7','ccd40456-3082-11f0-b8c0-2cf05db24bc7','2025-01-09 00:00:00.000000',NULL,'2025-01-09 22:26:39','admin','2025-01-09 22:26:39.000000','admin',1,1,'Quản lý / Giám sát','Đại Học trở lên'),('1f2a19fb-ce9e-11ef-9430-2cf05db24bc7','Project Manager','Lead projects from inception to completion. Manage teams, timelines, and client expectations.','Dưới 10 triệu','Los Angeles, CA','3 năm','Health Insurance, 401k, Bonuses','Experience in project management tools, excellent communication skills','Toàn thời gian','Hybrid','Closed','1f224ed5-ce9e-11ef-9430-2cf05db24bc7','ccd40456-3082-11f0-b8c0-2cf05db24bc7','2025-01-09 00:00:00.000000',NULL,'2025-01-09 22:26:39','admin','2025-01-09 22:26:39.000000','admin',1,48,'Quản lý / Giám sát','Đại Học trở lên'),('1f2a1f84-ce9e-11ef-9430-2cf05db24bc7','Marketing Specialist','Develop and execute marketing strategies to promote our brand and products.','Dưới 10 triệu','Austin, TX','5 năm','Health Insurance, Paid Time Off','Experience with SEO, digital marketing, and social media platforms','Toàn thời gian','Remote','Pending','1f224ed5-ce9e-11ef-9430-2cf05db24bc7','ccd40456-3082-11f0-b8c0-2cf05db24bc7','2025-01-16 22:26:39.000000',NULL,'2025-01-09 22:26:39','admin','2025-01-09 22:26:39.000000','admin',1,5,'Quản lý / Giám sát','Đại Học trở lên'),('1f2a2488-ce9e-11ef-9430-2cf05db24bc7','Sales Executive','Identify and build relationships with potential clients. Close deals and achieve sales targets.','Dưới 10 triệu','12, Hồ Chí Minh','4 năm','Commission-based, Health Insurance','Excellent communication and negotiation skills','Toàn thời gian','Hybrid','Closed','1f223c0f-ce9e-11ef-9430-2cf05db24bc7','ccd40456-3082-11f0-b8c0-2cf05db24bc7','2025-10-22 00:00:00.000000',NULL,'2025-01-09 22:26:39','admin','2025-01-09 22:26:39.000000','admin',1,2,'Quản lý / Giám sát','Đại Học trở lên'),('1f2a2abd-ce9e-11ef-9430-2cf05db24bc7','UX Designer','Create user-centered designs for digital products. Work closely with developers and product managers.','Dưới 10 triệu','Seattle, WA','1 năm','Health Insurance, 401k','Proficient in Figma, Sketch, and wireframing tools','Bán thời gian','Remote','Pending','1f224ed5-ce9e-11ef-9430-2cf05db24bc7','ccd40456-3082-11f0-b8c0-2cf05db24bc7','2025-01-09 00:00:00.000000',NULL,'2025-01-09 22:26:39','admin','2025-01-09 22:26:39.000000','admin',1,4,'Quản lý / Giám sát','Đại Học trở lên'),('1f2a3006-ce9e-11ef-9430-2cf05db24bc7','Human Resources Specialist','Manage recruitment, employee relations, and payroll functions.','Dưới 10 triệu','Boston, MA','1 năm','Health Insurance, Paid Leave','Strong knowledge of HR software and labor laws','Bán thời gian','On-site','Closed','1f223c0f-ce9e-11ef-9430-2cf05db24bc7','ccd40456-3082-11f0-b8c0-2cf05db24bc7','2025-01-09 22:26:39.000000',NULL,'2025-01-09 22:26:39','admin','2025-01-09 22:26:39.000000','admin',1,2,'Quản lý / Giám sát','Đại Học trở lên'),('1f2a335b-ce9e-11ef-9430-2cf05db24bc7','Customer Support Representative','Provide customer support via email, chat, and phone. Resolve customer issues and queries.','Dưới 10 triệu','Phoenix, AZ','Không yêu cầu','Health Insurance, Paid Time Off','Strong communication skills, experience with CRM systems','Bán thời gian','Hybrid','Pending','1f224ed5-ce9e-11ef-9430-2cf05db24bc7','ccd40456-3082-11f0-b8c0-2cf05db24bc7','2025-01-09 22:26:39.000000',NULL,'2025-02-09 22:26:39','admin','2025-01-09 22:26:39.000000','admin',1,4,'Quản lý / Giám sát','Đại Học trở lên'),('1f2a36f4-ce9e-11ef-9430-2cf05db24bc7','Web Developer','Build and maintain websites. Collaborate with designers and back-end developers.','Dưới 10 triệu','Dallas, TX','5 năm','Health Insurance, 401k','Proficient in HTML, CSS, JavaScript','Bán thời gian','Remote','Pending','1f224ed5-ce9e-11ef-9430-2cf05db24bc7','ccd40456-3082-11f0-b8c0-2cf05db24bc7','2025-02-28 00:00:00.000000',NULL,'2025-01-09 22:26:39','admin','2025-01-09 22:26:39.000000','admin',1,5,'Quản lý / Giám sát','Đại Học trở lên'),('1f2a3abb-ce9e-11ef-9430-2cf05db24bc7','Mobile Developer','Develop mobile applications for iOS and Android platforms. Ensure app performance and reliability.','Dưới 10 triệu','San Jose, CA','2 năm','Health Insurance, Paid Time Off','Experience with Swift, Kotlin, React Native','Bán thời gian','Hybrid','Pending','1f223c0f-ce9e-11ef-9430-2cf05db24bc7','ccd40456-3082-11f0-b8c0-2cf05db24bc7','2025-01-09 22:26:39.000000',NULL,'2025-01-09 22:26:39','admin','2025-01-09 22:26:39.000000','admin',1,1,'Quản lý / Giám sát','Đại Học trở lên'),('1f2d5ed3-ce9e-11ef-9430-2cf05db24bc7','Backend Developer','Develop server-side applications and APIs, optimize databases and ensure system scalability.','10 - 15 triệu','Chicago, IL','3 năm','Health Insurance, 401k','Proficient in Node.js, Express, MongoDB','Bán thời gian','On-site','Closed','1f223c0f-ce9e-11ef-9430-2cf05db24bc7','ccd40456-3082-11f0-b8c0-2cf05db24bc7','2025-01-09 00:00:00.000000',NULL,'2025-01-09 22:26:39','admin','2025-01-09 22:26:39.000000','admin',1,2,'Quản lý / Giám sát','Đại Học trở lên'),('1f2d6786-ce9e-11ef-9430-2cf05db24bc7','AI Engineer','Design and implement artificial intelligence algorithms and models to improve automation and decision-making processes.','20 - 25 triệu','San Francisco, CA','1 năm','Health Insurance, Paid Time Off','Proficient in Python, TensorFlow, deep learning','Bán thời gian ','Remote','Pending','1f223c0f-ce9e-11ef-9430-2cf05db24bc7','ccd40456-3082-11f0-b8c0-2cf05db24bc7','2025-01-09 22:26:39.000000',NULL,'2025-01-09 22:26:39','admin','2025-01-09 22:26:39.000000','admin',1,NULL,'Quản lý / Giám sát','Đại Học trở lên'),('1f2d6b01-ce9e-11ef-9430-2cf05db24bc7','Content Marketing Manager','Plan and execute content marketing strategies to enhance the company’s digital presence and engagement.','15 - 20 triệu','Los Angeles, CA','4 năm','Health Insurance, Bonuses','Experience in content creation, SEO, and analytics','Thực tập','Hybrid','Active','1f224ed5-ce9e-11ef-9430-2cf05db24bc7','ccd40456-3082-11f0-b8c0-2cf05db24bc7','2026-03-18 00:00:00.000000',NULL,'2025-01-09 22:26:39','admin','2025-01-09 22:26:39.000000','admin',1,123,'Quản lý / Giám sát','Đại Học trở lên'),('1f2d6df4-ce9e-11ef-9430-2cf05db24bc7','Graphic Designer','Create visual designs for marketing materials, digital ads, and website content to engage customers.','25 - 30 triệu','Miami, FL','5 năm','Health Insurance, Paid Time Off','Proficient in Adobe Creative Suite, Illustrator, Photoshop','Khác','Remote','Active','1f223c0f-ce9e-11ef-9430-2cf05db24bc7','ccd4166e-3082-11f0-b8c0-2cf05db24bc7','2025-10-30 00:00:00.000000',NULL,'2025-01-09 22:26:39','admin','2025-01-09 22:26:39.000000','admin',1,120,'Quản lý / Giám sát','Đại Học trở lên'),('1f2d72a4-ce9e-11ef-9430-2cf05db24bc7','Sales Manager','Manage a sales team, develop strategies, and oversee sales targets and performance in the company.','30 - 50 triệu','Boston, MA','2 năm','Health Insurance, Bonuses','Experience in sales team management, CRM tools, negotiation','Khác','On-site','Active','1f224ed5-ce9e-11ef-9430-2cf05db24bc7','ccd4166e-3082-11f0-b8c0-2cf05db24bc7','2025-10-29 00:00:00.000000',NULL,'2025-01-09 22:26:39','admin','2025-01-09 22:26:39.000000','admin',1,120,'Quản lý / Giám sát','Đại Học trở lên'),('1f2d7753-ce9e-11ef-9430-2cf05db24bc7','Frontend Developer','Develop and maintain the client-side of web applications, collaborate with designers for UI/UX implementation.','Trên 50 triệu','New York, NY','5 năm','Health Insurance, 401k','Proficient in HTML, CSS, JavaScript, React','Khác','Remote','Active','1f223c0f-ce9e-11ef-9430-2cf05db24bc7','ccd4166e-3082-11f0-b8c0-2cf05db24bc7','2025-01-09 22:26:39.000000',NULL,'2025-01-09 22:26:39','admin','2025-01-09 22:26:39.000000','admin',1,NULL,'Quản lý / Giám sát','Đại Học trở lên'),('1f2d7ada-ce9e-11ef-9430-2cf05db24bc7','HR Manager','Oversee HR operations, recruitment, employee relations, and ensure a positive company culture.','Thỏa thuận','Dallas, TX','5 năm','Health Insurance, Paid Leave','Strong knowledge of labor laws, HR software','Khác','On-site','Active','1f224ed5-ce9e-11ef-9430-2cf05db24bc7','ccd414df-3082-11f0-b8c0-2cf05db24bc7','2025-01-09 22:26:39.000000',NULL,'2025-01-09 22:26:39','admin','2025-01-09 22:26:39.000000','admin',1,NULL,'Quản lý / Giám sát','Đại Học trở lên'),('1f2d7e4c-ce9e-11ef-9430-2cf05db24bc7','Customer Support Specialist','Assist customers with inquiries, troubleshoot issues, and provide solutions via chat, email, or phone.','Dưới 10 triệu','Seattle, WA','2 năm','Health Insurance, Paid Time Off','Strong communication skills, experience with CRM systems','Khác','Remote','Active','1f223c0f-ce9e-11ef-9430-2cf05db24bc7','ccd414df-3082-11f0-b8c0-2cf05db24bc7','2025-01-09 22:26:39.000000',NULL,'2025-01-09 22:26:39','admin','2025-01-09 22:26:39.000000','admin',1,NULL,'Quản lý / Giám sát','Đại Học trở lên'),('1f2d82a5-ce9e-11ef-9430-2cf05db24bc7','Mobile App Developer','Develop cross-platform mobile applications, focus on Android and iOS platforms for optimized performance.','Thỏa thuận','San Jose, CA','3 năm','Health Insurance, 401k','Experience with React Native, Swift, Kotlin','Khác','Hybrid','Active','1f224ed5-ce9e-11ef-9430-2cf05db24bc7','ccd414df-3082-11f0-b8c0-2cf05db24bc7','2025-01-09 22:26:39.000000',NULL,'2025-01-09 22:26:39','admin','2025-01-09 22:26:39.000000','admin',1,NULL,'Quản lý / Giám sát','Đại Học trở lên'),('1f2d87c0-ce9e-11ef-9430-2cf05db24bc7','Cloud Engineer','Design, implement, and manage cloud infrastructure to ensure optimal cloud computing services.','Dưới 10 triệu','Houston, TX','1 năm','Health Insurance, Paid Leave','Experience with AWS, Azure, and cloud security practices','Khác','On-site','Active','1f223c0f-ce9e-11ef-9430-2cf05db24bc7','ccd414df-3082-11f0-b8c0-2cf05db24bc7','2025-01-09 22:26:39.000000',NULL,'2025-01-09 22:26:39','admin','2025-01-09 22:26:39.000000','admin',1,NULL,'Quản lý / Giám sát','Đại Học trở lên'),('1f2d8b76-ce9e-11ef-9430-2cf05db24bc7','Full Stack Developer','Develop both front-end and back-end components for dynamic web applications. Optimize user experience and functionality.','Dưới 10 triệu','Atlanta, GA','1 năm','Health Insurance, Bonuses','Proficient in JavaScript, Node.js, React, and SQL databases','Khác','Remote','Active','1f224ed5-ce9e-11ef-9430-2cf05db24bc7','ccd414df-3082-11f0-b8c0-2cf05db24bc7','2025-01-09 22:26:39.000000',NULL,'2025-01-09 22:26:39','admin','2025-01-09 22:26:39.000000','admin',1,NULL,'Quản lý / Giám sát','Đại Học trở lên'),('1f2d8edd-ce9e-11ef-9430-2cf05db24bc7','SEO Specialist','Optimize website content for search engines, improve ranking, and increase traffic.','Thỏa thuận','12, Hồ Chí Minh','2 năm','Health Insurance, 401k','Proficient in SEO tools like Google Analytics, SEMrush','Thực tập','Hybrid','Active','1f223c0f-ce9e-11ef-9430-2cf05db24bc7','ccd4124a-3082-11f0-b8c0-2cf05db24bc7','2025-01-09 22:26:39.000000',NULL,'2025-01-09 22:26:39','admin','2025-01-09 22:26:39.000000','admin',1,NULL,'Quản lý / Giám sát','Đại Học trở lên'),('1f2d9225-ce9e-11ef-9430-2cf05db24bc7','Product Manager','Lead the product development cycle from concept to delivery, coordinate with cross-functional teams.','Dưới 10 triệu','Boston, MA','2 năm','Health Insurance, Paid Time Off','Experience in Agile methodologies, product management tools','Thực tập','Hybrid','Active','1f224ed5-ce9e-11ef-9430-2cf05db24bc7','ccd4124a-3082-11f0-b8c0-2cf05db24bc7','2025-01-09 22:26:39.000000',NULL,'2025-01-09 22:26:39','admin','2025-01-09 22:26:39.000000','admin',1,NULL,'Quản lý / Giám sát','Đại Học trở lên'),('1f2d963a-ce9e-11ef-9430-2cf05db24bc7','Digital Marketing Specialist','Develop and implement digital marketing campaigns across various online platforms to increase brand awareness.','Dưới 10 triệu','New York, NY','4 năm','Health Insurance, Paid Time Off','Experience with Google Ads, Facebook Ads, and email marketing','Thực tập','Remote','Active','1f224ed5-ce9e-11ef-9430-2cf05db24bc7','ccd4124a-3082-11f0-b8c0-2cf05db24bc7','2025-01-09 22:26:39.000000',NULL,'2025-01-09 22:26:39','admin','2025-01-09 22:26:39.000000','admin',1,NULL,'Quản lý / Giám sát','Đại Học trở lên'),('1f2d9b1d-ce9e-11ef-9430-2cf05db24bc7','Frontend UI Developer','Design and implement the user interface for web applications, focus on delivering high-quality user experience.','Thỏa thuận','Austin, TX','2 năm','Health Insurance, 401k','Proficient in HTML, CSS, JavaScript, React','Thực tập','Hybrid','Active','1f223c0f-ce9e-11ef-9430-2cf05db24bc7','ccd4124a-3082-11f0-b8c0-2cf05db24bc7','2025-01-09 22:26:39.000000',NULL,'2025-01-09 22:26:39','admin','2025-01-09 22:26:39.000000','admin',1,NULL,'Quản lý / Giám sát','Đại Học trở lên'),('1f2d9e91-ce9e-11ef-9430-2cf05db24bc','Frontend','Maintain and optimize network infrastructure, troubleshoot network issues, and ensure secure connectivity.','Dưới 10 triệu','Los Angeles, CA','1 năm','Health Insurance, 401k','Experience with routers, firewalls, and VPNs','Thực tập','On-site','Pending','1f224ed5-ce9e-11ef-9430-2cf05db24bc7','ccd4124a-3082-11f0-b8c0-2cf05db24bc7','2025-01-09 22:26:39.000000',NULL,'2025-01-09 22:26:39','admin','2025-01-09 22:26:39.000000','admin',1,NULL,'Quản lý / Giám sát','Đại Học trở lên'),('1f2d9e91-ce9e-11ef-9430-2cf05db24bc7','Network Engineer âdd','Maintain and optimize network infrastructure, troubleshoot network issues, and ensure secure connectivity.','25 - 30 triệu','12, Hồ Chí Minh','3 năm','Health Insurance, 401k','Experience with routers, firewalls, and VPNs','Thực tập','On-site','Active','7','ccd3e3e7-3082-11f0-b8c0-2cf05db24bc7','2025-06-26 00:00:00.000000',NULL,'2025-01-09 22:26:39','admin','2025-01-09 22:26:39.000000','admin',1,NULL,'Quản lý / Giám sát','Đại Học trở lên'),('1f2d9e91-ce9e-11ef-9430-2cf05db24bcd','Network Enginee','Maintain and optimize network infrastructure, troubleshoot network issues, and ensure secure connectivity.','Dưới 10 triệu','Miami, FL','2 năm','Health Insurance, 401k','Experience with routers, firewalls, and VPNs','Toàn thời gian','On-site','Active','7','ccd40456-3082-11f0-b8c0-2cf05db24bc7','2025-06-05 00:00:00.000000',NULL,'2025-01-09 22:26:39','admin','2025-01-09 22:26:39.000000','admin',1,NULL,'Quản lý / Giám sát','Đại Học trở lên'),('1f2da3fc-ce9e-11ef-9430-2cf05db24bc7','Security Analystsd','Monitor and protect network systems from cyber threats, perform vulnerability assessments, and enforce security policies.','Trên 50 triệu','Miami, FL','1 năm','Health Insurance, Paid Leave','Health Insurance, Paid Leave','Thực tập','Remote','Active','7','ccd40456-3082-11f0-b8c0-2cf05db24bc7','2025-06-05 00:00:00.000000',NULL,'2025-02-23 22:26:39','admin','2025-01-09 22:26:39.000000','admin',1,NULL,'Quản lý / Giám sát','Đại Học trở lên'),('job-bv60my1gy','Frontendsssss','sfsd','15-20-trieu','Bắc Ninh, Tiên Du','duoi-1-nam','fsdf','sdfsdf','tat-ca',NULL,'Active','7','ccd40456-3082-11f0-b8c0-2cf05db24bc7','2025-06-05 00:00:00.000000',NULL,'2025-05-02 18:06:13','minhha2k5','2025-05-02 18:06:13.000000','minhha2k5',1,1,'Quản lý / Giám sát','Đại Học trở lên'),('job-hthdls0yr','TITLE','gdfgd','tren-50-trieu','dfgdfg','1-nam','dfgdfg','dfgdfgdf','ban-thoi-gian',NULL,'Active','7','ccd40456-3082-11f0-b8c0-2cf05db24bc7','2025-06-05 00:00:00.000000',NULL,'2025-04-15 09:19:50','minhha2k5','2025-04-15 09:19:50.000000','minhha2k5',1,1,'Quản lý / Giám sát','Đại Học trở lên'),('job-ksseurbyf','backend','#### 1. \n- **Tổng quan về vị trí**: \n  Chúng tôi đang tìm kiếm một Backend Developer tài năng để đảm bảo hiệu suất, khả năng mở rộng và bảo mật cho các ứng dụng web của công ty. Ứng viên lý tưởng sẽ làm việc chặt chẽ với các nhóm phát triển khác để triển khai các giải pháp sáng tạo và hiệu quả.','tren-50-trieu','Los Angeles, CA','1-nam','#### 3. \n- **Lương thưởng**:\n  - Mức lương cạnh tranh, thưởng hàng năm dựa trên hiệu suất làm việc.','#### 2. \n- **Kỹ năng cần thiết**:\n  - Thành thạo một hoặc nhiều ngôn ngữ lập trình backend như Python, Java, Node.js, hoặc Ruby.\n  - Kinh nghiệm làm việc với các hệ quản trị cơ sở dữ liệu như MySQL, PostgreSQL, MongoDB.\n  - Kiến thức vững về RESTful API và các kiến trúc microservices.\n  - Kỹ năng làm việc nhóm và giao tiếp tốt.','tat-ca',NULL,'Active','7','ccd40456-3082-11f0-b8c0-2cf05db24bc7','2025-06-05 00:00:00.000000',NULL,'2025-05-02 11:08:58','minhha2k5','2025-05-02 11:08:58.000000','minhha2k5',1,1,'Quản lý / Giám sát','Đại Học trở lên'),('job-y1r67nc1w','Frontend test actice','### 1.','25-30-trieu','Bắc Ninh, Thuận Thành','2-nam','### 3.','### 2.','ban-thoi-gian','Bắc Ninh, Thuận Thành','Active','comp-upmt3zats','ccd40456-3082-11f0-b8c0-2cf05db24bc7','2025-10-09 00:00:00.000000',NULL,'2025-05-14 08:19:37','ngducvintd','2025-05-14 08:19:37.000000','ngducvintd',1,1,'Quản lý / Giám sát','Đại Học trở lên');
/*!40000 ALTER TABLE `jobs` ENABLE KEYS */;
UNLOCK TABLES;

--
-- Table structure for table `skills`
--

DROP TABLE IF EXISTS `skills`;
/*!40101 SET @saved_cs_client     = @@character_set_client */;
/*!50503 SET character_set_client = utf8mb4 */;
CREATE TABLE `skills` (
  `skill_id` varchar(36) NOT NULL,
  `skill_name` varchar(255) NOT NULL,
  `description` text,
  `created_at` datetime DEFAULT NULL,
  `created_by` varchar(255) DEFAULT NULL,
  `last_modified_at` datetime(6) DEFAULT NULL,
  `last_modified_by` varchar(255) DEFAULT NULL,
  `version` int DEFAULT '1',
  PRIMARY KEY (`skill_id`),
  UNIQUE KEY `skill_name` (`skill_name`)
) ENGINE=InnoDB DEFAULT CHARSET=utf8mb4 COLLATE=utf8mb4_0900_ai_ci;
/*!40101 SET character_set_client = @saved_cs_client */;

--
-- Dumping data for table `skills`
--

LOCK TABLES `skills` WRITE;
/*!40000 ALTER TABLE `skills` DISABLE KEYS */;
INSERT INTO `skills` VALUES ('1f366a6b-ce9e-11ef-9430-2cf05db24bc7','JavaScript','A high-level, versatile programming language used for web development.','2025-01-09 22:26:39','admin','2025-01-09 22:26:39.000000','admin',1),('1f36858f-ce9e-11ef-9430-2cf05db24bc7','Node.js','A JavaScript runtime environment that allows running JavaScript on the server-side.','2025-01-09 22:26:39','admin','2025-01-09 22:26:39.000000','admin',1),('1f368875-ce9e-11ef-9430-2cf05db24bc7','React','A JavaScript library for building user interfaces, primarily for single-page applications.','2025-01-09 22:26:39','admin','2025-01-09 22:26:39.000000','admin',1),('1f3689ba-ce9e-11ef-9430-2cf05db24bc7','Python','A high-level programming language used for general-purpose programming and machine learning.','2025-01-09 22:26:39','admin','2025-01-09 22:26:39.000000','admin',1),('1f368ac7-ce9e-11ef-9430-2cf05db24bc7','SQL','Structured Query Language, used to manage and query relational databases.','2025-01-09 22:26:39','admin','2025-01-09 22:26:39.000000','admin',1),('1f368be2-ce9e-11ef-9430-2cf05db24bc7','Java','A widely-used object-oriented programming language for building mobile and web applications.','2025-01-09 22:26:39','admin','2025-01-09 22:26:39.000000','admin',1),('1f368cf1-ce9e-11ef-9430-2cf05db24bc7','C#','A modern, object-oriented programming language used for building Windows applications and web services.','2025-01-09 22:26:39','admin','2025-01-09 22:26:39.000000','admin',1),('1f368e1a-ce9e-11ef-9430-2cf05db24bc7','PHP','A server-side scripting language commonly used for web development and creating dynamic web pages.','2025-01-09 22:26:39','admin','2025-01-09 22:26:39.000000','admin',1);
/*!40000 ALTER TABLE `skills` ENABLE KEYS */;
UNLOCK TABLES;
/*!40103 SET TIME_ZONE=@OLD_TIME_ZONE */;

/*!40101 SET SQL_MODE=@OLD_SQL_MODE */;
/*!40014 SET FOREIGN_KEY_CHECKS=@OLD_FOREIGN_KEY_CHECKS */;
/*!40014 SET UNIQUE_CHECKS=@OLD_UNIQUE_CHECKS */;
/*!40101 SET CHARACTER_SET_CLIENT=@OLD_CHARACTER_SET_CLIENT */;
/*!40101 SET CHARACTER_SET_RESULTS=@OLD_CHARACTER_SET_RESULTS */;
/*!40101 SET COLLATION_CONNECTION=@OLD_COLLATION_CONNECTION */;
/*!40111 SET SQL_NOTES=@OLD_SQL_NOTES */;

-- Dump completed on 2025-05-16 17:59:54

CREATE TABLE `category_skills` (
  `category_id` varchar(36) NOT NULL,
  `skill_id` varchar(36) NOT NULL,
  PRIMARY KEY (`category_id`, `skill_id`),
  FOREIGN KEY (`category_id`) REFERENCES `categories` (`category_id`) ON DELETE CASCADE,
  FOREIGN KEY (`skill_id`) REFERENCES `skills` (`skill_id`) ON DELETE CASCADE
) ENGINE=InnoDB DEFAULT CHARSET=utf8mb4;


-- Thêm skills mới cho tất cả danh mục
INSERT INTO `skills` (`skill_id`, `skill_name`, `description`, `created_at`, `created_by`, `last_modified_at`, `last_modified_by`, `version`) VALUES
-- Bán lẻ/Dịch vụ đời sống
('retail-1', 'Quản lý kho', 'Kỹ năng quản lý và kiểm soát hàng tồn kho', NOW(), 'admin', NOW(), 'admin', 1),
('retail-2', 'Bán hàng trực tiếp', 'Kỹ năng tư vấn và bán hàng trực tiếp', NOW(), 'admin', NOW(), 'admin', 1),
('retail-3', 'Chăm sóc khách hàng', 'Kỹ năng xử lý yêu cầu và phản hồi khách hàng', NOW(), 'admin', NOW(), 'admin', 1),
('retail-4', 'Quản lý cửa hàng', 'Kỹ năng quản lý hoạt động cửa hàng', NOW(), 'admin', NOW(), 'admin', 1),
('retail-5', 'Merchandising', 'Kỹ năng trưng bày và sắp xếp sản phẩm', NOW(), 'admin', NOW(), 'admin', 1),

-- Bất động sản/Xây dựng
('realestate-1', 'Tư vấn bất động sản', 'Kỹ năng tư vấn và môi giới bất động sản', NOW(), 'admin', NOW(), 'admin', 1),
('realestate-2', 'Quản lý dự án xây dựng', 'Kỹ năng quản lý và giám sát dự án xây dựng', NOW(), 'admin', NOW(), 'admin', 1),
('realestate-3', 'Thiết kế kiến trúc', 'Kỹ năng thiết kế và lập kế hoạch xây dựng', NOW(), 'admin', NOW(), 'admin', 1),
('realestate-4', 'Kỹ sư xây dựng', 'Kỹ năng thiết kế kết cấu và giám sát thi công', NOW(), 'admin', NOW(), 'admin', 1),
('realestate-5', 'Quản lý bất động sản', 'Kỹ năng quản lý và vận hành bất động sản', NOW(), 'admin', NOW(), 'admin', 1),

-- Biên phiên dịch
('translation-1', 'Biên dịch Anh-Việt', 'Kỹ năng dịch thuật Anh-Việt', NOW(), 'admin', NOW(), 'admin', 1),
('translation-2', 'Phiên dịch đồng thời', 'Kỹ năng phiên dịch trực tiếp', NOW(), 'admin', NOW(), 'admin', 1),
('translation-3', 'Biên tập nội dung', 'Kỹ năng biên tập và hiệu đính', NOW(), 'admin', NOW(), 'admin', 1),
('translation-4', 'Dịch thuật chuyên ngành', 'Kỹ năng dịch thuật tài liệu chuyên ngành', NOW(), 'admin', NOW(), 'admin', 1),

-- Chăm sóc khách hàng/Vận hành
('customer-1', 'Xử lý khiếu nại', 'Kỹ năng xử lý và giải quyết khiếu nại', NOW(), 'admin', NOW(), 'admin', 1),
('customer-2', 'Tư vấn sản phẩm', 'Kỹ năng tư vấn và hỗ trợ khách hàng', NOW(), 'admin', NOW(), 'admin', 1),
('customer-3', 'Quản lý vận hành', 'Kỹ năng quản lý quy trình vận hành', NOW(), 'admin', NOW(), 'admin', 1),
('customer-4', 'Đào tạo nhân viên', 'Kỹ năng đào tạo và hướng dẫn nhân viên', NOW(), 'admin', NOW(), 'admin', 1),

-- Công nghệ thông tin (thêm mới)
('it-1', 'DevOps', 'Kỹ năng quản lý và tự động hóa quy trình phát triển', NOW(), 'admin', NOW(), 'admin', 1),
('it-2', 'Cloud Computing', 'Kỹ năng làm việc với các nền tảng điện toán đám mây', NOW(), 'admin', NOW(), 'admin', 1),
('it-3', 'Machine Learning', 'Kỹ năng phát triển và triển khai mô hình học máy', NOW(), 'admin', NOW(), 'admin', 1),
('it-4', 'Mobile Development', 'Kỹ năng phát triển ứng dụng di động', NOW(), 'admin', NOW(), 'admin', 1),
('it-5', 'UI/UX Design', 'Kỹ năng thiết kế giao diện và trải nghiệm người dùng', NOW(), 'admin', NOW(), 'admin', 1),
('it-6', 'Cybersecurity', 'Kỹ năng bảo mật và an toàn thông tin', NOW(), 'admin', NOW(), 'admin', 1),

-- Điện/Điện tử/Viễn thông
('electronics-1', 'Thiết kế mạch điện', 'Kỹ năng thiết kế và phát triển mạch điện', NOW(), 'admin', NOW(), 'admin', 1),
('electronics-2', 'Lập trình vi điều khiển', 'Kỹ năng lập trình và điều khiển hệ thống nhúng', NOW(), 'admin', NOW(), 'admin', 1),
('electronics-3', 'Quản lý mạng viễn thông', 'Kỹ năng quản lý và bảo trì hệ thống mạng', NOW(), 'admin', NOW(), 'admin', 1),
('electronics-4', 'Sửa chữa điện tử', 'Kỹ năng sửa chữa và bảo trì thiết bị điện tử', NOW(), 'admin', NOW(), 'admin', 1),

-- Dược/Y tế/Sức khoẻ
('health-1', 'Quản lý dược phẩm', 'Kỹ năng quản lý và kiểm soát dược phẩm', NOW(), 'admin', NOW(), 'admin', 1),
('health-2', 'Tư vấn sức khỏe', 'Kỹ năng tư vấn và chăm sóc sức khỏe', NOW(), 'admin', NOW(), 'admin', 1),
('health-3', 'Nghiên cứu y học', 'Kỹ năng nghiên cứu và phát triển y học', NOW(), 'admin', NOW(), 'admin', 1),
('health-4', 'Quản lý phòng khám', 'Kỹ năng quản lý và vận hành phòng khám', NOW(), 'admin', NOW(), 'admin', 1),

-- Giáo dục/Đào tạo
('education-1', 'Giảng dạy', 'Kỹ năng giảng dạy và truyền đạt kiến thức', NOW(), 'admin', NOW(), 'admin', 1),
('education-2', 'Thiết kế khóa học', 'Kỹ năng thiết kế và phát triển chương trình đào tạo', NOW(), 'admin', NOW(), 'admin', 1),
('education-3', 'Quản lý đào tạo', 'Kỹ năng quản lý và điều phối đào tạo', NOW(), 'admin', NOW(), 'admin', 1),
('education-4', 'Đánh giá học viên', 'Kỹ năng đánh giá và phản hồi học viên', NOW(), 'admin', NOW(), 'admin', 1),

-- Kế toán/Kiểm toán/Thuế
('accounting-1', 'Kế toán tài chính', 'Kỹ năng hạch toán và báo cáo tài chính', NOW(), 'admin', NOW(), 'admin', 1),
('accounting-2', 'Kiểm toán nội bộ', 'Kỹ năng kiểm tra và đánh giá hệ thống', NOW(), 'admin', NOW(), 'admin', 1),
('accounting-3', 'Kế toán thuế', 'Kỹ năng quản lý và khai báo thuế', NOW(), 'admin', NOW(), 'admin', 1),
('accounting-4', 'Phân tích tài chính ', 'Kỹ năng phân tích và báo cáo tài chính', NOW(), 'admin', NOW(), 'admin', 1),

-- Kinh doanh/Bán hàng
('sales-1', 'Quản lý bán hàng', 'Kỹ năng quản lý và phát triển kinh doanh', NOW(), 'admin', NOW(), 'admin', 1),
('sales-2', 'Phát triển thị trường', 'Kỹ năng nghiên cứu và phát triển thị trường', NOW(), 'admin', NOW(), 'admin', 1),
('sales-3', 'Quản lý khách hàng', 'Kỹ năng quản lý và phát triển quan hệ khách hàng', NOW(), 'admin', NOW(), 'admin', 1),
('sales-4', 'Đàm phán thương lượng', 'Kỹ năng đàm phán và thương lượng', NOW(), 'admin', NOW(), 'admin', 1),

-- Logistics/Thu mua/Kho/Vận tải
('logistics-1', 'Quản lý chuỗi cung ứng', 'Kỹ năng quản lý và tối ưu chuỗi cung ứng', NOW(), 'admin', NOW(), 'admin', 1),
('logistics-2', 'Quản lý kho vận', 'Kỹ năng quản lý và kiểm soát kho', NOW(), 'admin', NOW(), 'admin', 1),
('logistics-3', 'Quản lý vận tải', 'Kỹ năng quản lý và điều phối vận tải', NOW(), 'admin', NOW(), 'admin', 1),
('logistics-4', 'Thu mua', 'Kỹ năng đàm phán và quản lý mua hàng', NOW(), 'admin', NOW(), 'admin', 1),

-- Luật
('law-1', 'Tư vấn pháp lý', 'Kỹ năng tư vấn và hỗ trợ pháp lý', NOW(), 'admin', NOW(), 'admin', 1),
('law-2', 'Soạn thảo hợp đồng', 'Kỹ năng soạn thảo và rà soát hợp đồng', NOW(), 'admin', NOW(), 'admin', 1),
('law-3', 'Giải quyết tranh chấp', 'Kỹ năng giải quyết và hòa giải tranh chấp', NOW(), 'admin', NOW(), 'admin', 1),
('law-4', 'Tuân thủ pháp luật', 'Kỹ năng đảm bảo tuân thủ quy định pháp luật', NOW(), 'admin', NOW(), 'admin', 1),

-- Marketing/PR/Quảng cáo
('marketing-1', 'Digital Marketing', 'Kỹ năng marketing trên các nền tảng số', NOW(), 'admin', NOW(), 'admin', 1),
('marketing-2', 'Social Media Marketing', 'Kỹ năng quản lý và phát triển chiến dịch mạng xã hội', NOW(), 'admin', NOW(), 'admin', 1),
('marketing-3', 'Content Marketing', 'Kỹ năng tạo và quản lý nội dung marketing', NOW(), 'admin', NOW(), 'admin', 1),
('marketing-4', 'SEO/SEM', 'Kỹ năng tối ưu hóa công cụ tìm kiếm', NOW(), 'admin', NOW(), 'admin', 1),
('marketing-5', 'Quan hệ công chúng', 'Kỹ năng xây dựng và quản lý quan hệ công chúng', NOW(), 'admin', NOW(), 'admin', 1),

-- Năng lượng/Môi trường/Nông nghiệp
('energy-1', 'Quản lý năng lượng', 'Kỹ năng quản lý và tối ưu năng lượng', NOW(), 'admin', NOW(), 'admin', 1),
('energy-2', 'Bảo vệ môi trường', 'Kỹ năng quản lý và bảo vệ môi trường', NOW(), 'admin', NOW(), 'admin', 1),
('energy-3', 'Nông nghiệp công nghệ cao', 'Kỹ năng ứng dụng công nghệ trong nông nghiệp', NOW(), 'admin', NOW(), 'admin', 1),
('energy-4', 'Phát triển bền vững', 'Kỹ năng phát triển và quản lý dự án bền vững', NOW(), 'admin', NOW(), 'admin', 1),

-- Nhà hàng/Khách sạn/Du lịch
('hospitality-1', 'Quản lý nhà hàng', 'Kỹ năng quản lý và vận hành nhà hàng', NOW(), 'admin', NOW(), 'admin', 1),
('hospitality-2', 'Quản lý khách sạn', 'Kỹ năng quản lý và điều hành khách sạn', NOW(), 'admin', NOW(), 'admin', 1),
('hospitality-3', 'Hướng dẫn du lịch', 'Kỹ năng tổ chức và hướng dẫn tour du lịch', NOW(), 'admin', NOW(), 'admin', 1),
('hospitality-4', 'Dịch vụ khách hàng', 'Kỹ năng phục vụ và chăm sóc khách hàng', NOW(), 'admin', NOW(), 'admin', 1),

-- Phim và truyền hình/Báo chí/Xuất bản
('media-1', 'Sản xuất nội dung', 'Kỹ năng sản xuất và biên tập nội dung', NOW(), 'admin', NOW(), 'admin', 1),
('media-2', 'Quay phim/Chỉnh sửa', 'Kỹ năng quay phim và chỉnh sửa video', NOW(), 'admin', NOW(), 'admin', 1),
('media-3', 'Viết báo/Truyền thông', 'Kỹ năng viết và biên tập báo chí', NOW(), 'admin', NOW(), 'admin', 1),
('media-4', 'Quản lý xuất bản', 'Kỹ năng quản lý và phát triển xuất bản', NOW(), 'admin', NOW(), 'admin', 1),

-- Sản xuất
('manufacturing-1', 'Quản lý sản xuất', 'Kỹ năng quản lý và điều hành sản xuất', NOW(), 'admin', NOW(), 'admin', 1),
('manufacturing-2', 'Kiểm soát chất lượng', 'Kỹ năng kiểm tra và đảm bảo chất lượng', NOW(), 'admin', NOW(), 'admin', 1),
('manufacturing-3', 'Vận hành máy móc', 'Kỹ năng vận hành và bảo trì thiết bị', NOW(), 'admin', NOW(), 'admin', 1),

-- Tài chính/Ngân hàng/Bảo hiểm
('finance-1', 'Phân tích tài chính', 'Kỹ năng phân tích và đánh giá tài chính', NOW(), 'admin', NOW(), 'admin', 1),
('finance-2', 'Quản lý rủi ro', 'Kỹ năng đánh giá và quản lý rủi ro tài chính', NOW(), 'admin', NOW(), 'admin', 1),
('finance-3', 'Tư vấn đầu tư', 'Kỹ năng tư vấn và quản lý danh mục đầu tư', NOW(), 'admin', NOW(), 'admin', 1),
('finance-4', 'Quản lý tín dụng', 'Kỹ năng đánh giá và quản lý tín dụng', NOW(), 'admin', NOW(), 'admin', 1),
('finance-5', 'Bảo hiểm', 'Kỹ năng tư vấn và quản lý bảo hiểm', NOW(), 'admin', NOW(), 'admin', 1),

-- Tài xế
('driver-1', 'Lái xe chuyên nghiệp', 'Kỹ năng lái xe an toàn và chuyên nghiệp', NOW(), 'admin', NOW(), 'admin', 1),
('driver-2', 'Vận tải hành khách', 'Kỹ năng vận chuyển và phục vụ hành khách', NOW(), 'admin', NOW(), 'admin', 1),
('driver-3', 'Vận tải hàng hóa', 'Kỹ năng vận chuyển và quản lý hàng hóa', NOW(), 'admin', NOW(), 'admin', 1),
('driver-4', 'Bảo trì phương tiện', 'Kỹ năng kiểm tra và bảo trì phương tiện', NOW(), 'admin', NOW(), 'admin', 1),

-- Tư vấn chuyên môn
('consulting-1', 'Tư vấn chiến lược', 'Kỹ năng tư vấn và phát triển chiến lược', NOW(), 'admin', NOW(), 'admin', 1),
('consulting-2', 'Tư vấn quản lý', 'Kỹ năng tư vấn và cải thiện quy trình', NOW(), 'admin', NOW(), 'admin', 1),
('consulting-3', 'Tư vấn nhân sự', 'Kỹ năng tư vấn và phát triển nhân sự', NOW(), 'admin', NOW(), 'admin', 1),
('consulting-4', 'Tư vấn công nghệ', 'Kỹ năng tư vấn và triển khai công nghệ', NOW(), 'admin', NOW(), 'admin', 1);




-- Insert dữ liệu vào bảng category_skills
INSERT INTO `category_skills` (`category_id`, `skill_id`) VALUES
-- Bán lẻ/Dịch vụ đời sống
((SELECT category_id FROM categories WHERE category_name = 'Bán lẻ/Dịch vụ đời sống' AND level = 1), 'retail-1'),
((SELECT category_id FROM categories WHERE category_name = 'Bán lẻ/Dịch vụ đời sống' AND level = 1), 'retail-2'),
((SELECT category_id FROM categories WHERE category_name = 'Bán lẻ/Dịch vụ đời sống' AND level = 1), 'retail-3'),
((SELECT category_id FROM categories WHERE category_name = 'Bán lẻ/Dịch vụ đời sống' AND level = 1), 'retail-4'),
((SELECT category_id FROM categories WHERE category_name = 'Bán lẻ/Dịch vụ đời sống' AND level = 1), 'retail-5'),

-- Bất động sản/Xây dựng
((SELECT category_id FROM categories WHERE category_name = 'Bất động sản/Xây dựng' AND level = 1), 'realestate-1'),
((SELECT category_id FROM categories WHERE category_name = 'Bất động sản/Xây dựng' AND level = 1), 'realestate-2'),
((SELECT category_id FROM categories WHERE category_name = 'Bất động sản/Xây dựng' AND level = 1), 'realestate-3'),
((SELECT category_id FROM categories WHERE category_name = 'Bất động sản/Xây dựng' AND level = 1), 'realestate-4'),
((SELECT category_id FROM categories WHERE category_name = 'Bất động sản/Xây dựng' AND level = 1), 'realestate-5'),

-- Biên phiên dịch
((SELECT category_id FROM categories WHERE category_name = 'Biên phiên dịch' AND level = 1), 'translation-1'),
((SELECT category_id FROM categories WHERE category_name = 'Biên phiên dịch' AND level = 1), 'translation-2'),
((SELECT category_id FROM categories WHERE category_name = 'Biên phiên dịch' AND level = 1), 'translation-3'),
((SELECT category_id FROM categories WHERE category_name = 'Biên phiên dịch' AND level = 1), 'translation-4'),

-- Chăm sóc khách hàng/Vận hành
((SELECT category_id FROM categories WHERE category_name = 'Chăm sóc khách hàng (Customer Service)/Vận hành' AND level = 1), 'customer-1'),
((SELECT category_id FROM categories WHERE category_name = 'Chăm sóc khách hàng (Customer Service)/Vận hành' AND level = 1), 'customer-2'),
((SELECT category_id FROM categories WHERE category_name = 'Chăm sóc khách hàng (Customer Service)/Vận hành' AND level = 1), 'customer-3'),
((SELECT category_id FROM categories WHERE category_name = 'Chăm sóc khách hàng (Customer Service)/Vận hành' AND level = 1), 'customer-4'),

-- Công nghệ thông tin
((SELECT category_id FROM categories WHERE category_name = 'Công nghệ thông tin' AND level = 1), 'it-1'),
((SELECT category_id FROM categories WHERE category_name = 'Công nghệ thông tin' AND level = 1), 'it-2'),
((SELECT category_id FROM categories WHERE category_name = 'Công nghệ thông tin' AND level = 1), 'it-3'),
((SELECT category_id FROM categories WHERE category_name = 'Công nghệ thông tin' AND level = 1), 'it-4'),
((SELECT category_id FROM categories WHERE category_name = 'Công nghệ thông tin' AND level = 1), 'it-5'),
((SELECT category_id FROM categories WHERE category_name = 'Công nghệ thông tin' AND level = 1), 'it-6'),

-- Điện/Điện tử/Viễn thông
((SELECT category_id FROM categories WHERE category_name = 'Điện/Điện tử/Viễn thông' AND level = 1), 'electronics-1'),
((SELECT category_id FROM categories WHERE category_name = 'Điện/Điện tử/Viễn thông' AND level = 1), 'electronics-2'),
((SELECT category_id FROM categories WHERE category_name = 'Điện/Điện tử/Viễn thông' AND level = 1), 'electronics-3'),
((SELECT category_id FROM categories WHERE category_name = 'Điện/Điện tử/Viễn thông' AND level = 1), 'electronics-4'),

-- Dược/Y tế/Sức khoẻ
((SELECT category_id FROM categories WHERE category_name = 'Dược/Y tế/Sức khoẻ/Công nghệ sinh học' AND level = 1), 'health-1'),
((SELECT category_id FROM categories WHERE category_name = 'Dược/Y tế/Sức khoẻ/Công nghệ sinh học' AND level = 1), 'health-2'),
((SELECT category_id FROM categories WHERE category_name = 'Dược/Y tế/Sức khoẻ/Công nghệ sinh học' AND level = 1), 'health-3'),
((SELECT category_id FROM categories WHERE category_name = 'Dược/Y tế/Sức khoẻ/Công nghệ sinh học' AND level = 1), 'health-4'),

-- Giáo dục/Đào tạo
((SELECT category_id FROM categories WHERE category_name = 'Giáo dục/Đào tạo' AND level = 1), 'education-1'),
((SELECT category_id FROM categories WHERE category_name = 'Giáo dục/Đào tạo' AND level = 1), 'education-2'),
((SELECT category_id FROM categories WHERE category_name = 'Giáo dục/Đào tạo' AND level = 1), 'education-3'),
((SELECT category_id FROM categories WHERE category_name = 'Giáo dục/Đào tạo' AND level = 1), 'education-4'),

-- Kế toán/Kiểm toán/Thuế
((SELECT category_id FROM categories WHERE category_name = 'Kế toán/Kiểm toán/Thuế' AND level = 1), 'accounting-1'),
((SELECT category_id FROM categories WHERE category_name = 'Kế toán/Kiểm toán/Thuế' AND level = 1), 'accounting-2'),
((SELECT category_id FROM categories WHERE category_name = 'Kế toán/Kiểm toán/Thuế' AND level = 1), 'accounting-3'),
((SELECT category_id FROM categories WHERE category_name = 'Kế toán/Kiểm toán/Thuế' AND level = 1), 'accounting-4'),

-- Kinh doanh/Bán hàng
((SELECT category_id FROM categories WHERE category_name = 'Kinh doanh/Bán hàng' AND level = 1), 'sales-1'),
((SELECT category_id FROM categories WHERE category_name = 'Kinh doanh/Bán hàng' AND level = 1), 'sales-2'),
((SELECT category_id FROM categories WHERE category_name = 'Kinh doanh/Bán hàng' AND level = 1), 'sales-3'),
((SELECT category_id FROM categories WHERE category_name = 'Kinh doanh/Bán hàng' AND level = 1), 'sales-4'),

-- Logistics/Thu mua/Kho/Vận tải
((SELECT category_id FROM categories WHERE category_name = 'Logistics/Thu mua/Kho/Vận tải' AND level = 1), 'logistics-1'),
((SELECT category_id FROM categories WHERE category_name = 'Logistics/Thu mua/Kho/Vận tải' AND level = 1), 'logistics-2'),
((SELECT category_id FROM categories WHERE category_name = 'Logistics/Thu mua/Kho/Vận tải' AND level = 1), 'logistics-3'),
((SELECT category_id FROM categories WHERE category_name = 'Logistics/Thu mua/Kho/Vận tải' AND level = 1), 'logistics-4'),

-- Luật
((SELECT category_id FROM categories WHERE category_name = 'Luật' AND level = 1), 'law-1'),
((SELECT category_id FROM categories WHERE category_name = 'Luật' AND level = 1), 'law-2'),
((SELECT category_id FROM categories WHERE category_name = 'Luật' AND level = 1), 'law-3'),
((SELECT category_id FROM categories WHERE category_name = 'Luật' AND level = 1), 'law-4'),

-- Marketing/PR/Quảng cáo
((SELECT category_id FROM categories WHERE category_name = 'Marketing/PR/Quảng cáo' AND level = 1), 'marketing-1'),
((SELECT category_id FROM categories WHERE category_name = 'Marketing/PR/Quảng cáo' AND level = 1), 'marketing-2'),
((SELECT category_id FROM categories WHERE category_name = 'Marketing/PR/Quảng cáo' AND level = 1), 'marketing-3'),
((SELECT category_id FROM categories WHERE category_name = 'Marketing/PR/Quảng cáo' AND level = 1), 'marketing-4'),
((SELECT category_id FROM categories WHERE category_name = 'Marketing/PR/Quảng cáo' AND level = 1), 'marketing-5'),

-- Năng lượng/Môi trường/Nông nghiệp
((SELECT category_id FROM categories WHERE category_name = 'Năng lượng/Môi trường/Nông nghiệp' AND level = 1), 'energy-1'),
((SELECT category_id FROM categories WHERE category_name = 'Năng lượng/Môi trường/Nông nghiệp' AND level = 1), 'energy-2'),
((SELECT category_id FROM categories WHERE category_name = 'Năng lượng/Môi trường/Nông nghiệp' AND level = 1), 'energy-3'),
((SELECT category_id FROM categories WHERE category_name = 'Năng lượng/Môi trường/Nông nghiệp' AND level = 1), 'energy-4'),

-- Nhà hàng/Khách sạn/Du lịch
((SELECT category_id FROM categories WHERE category_name = 'Nhà hàng/Khách sạn/Du lịch' AND level = 1), 'hospitality-1'),
((SELECT category_id FROM categories WHERE category_name = 'Nhà hàng/Khách sạn/Du lịch' AND level = 1), 'hospitality-2'),
((SELECT category_id FROM categories WHERE category_name = 'Nhà hàng/Khách sạn/Du lịch' AND level = 1), 'hospitality-3'),
((SELECT category_id FROM categories WHERE category_name = 'Nhà hàng/Khách sạn/Du lịch' AND level = 1), 'hospitality-4'),

-- Phim và truyền hình/Báo chí/Xuất bản
((SELECT category_id FROM categories WHERE category_name = 'Phim và truyền hình/Báo chí/Xuất bản' AND level = 1), 'media-1'),
((SELECT category_id FROM categories WHERE category_name = 'Phim và truyền hình/Báo chí/Xuất bản' AND level = 1), 'media-2'),
((SELECT category_id FROM categories WHERE category_name = 'Phim và truyền hình/Báo chí/Xuất bản' AND level = 1), 'media-3'),
((SELECT category_id FROM categories WHERE category_name = 'Phim và truyền hình/Báo chí/Xuất bản' AND level = 1), 'media-4'),

-- Sản xuất
((SELECT category_id FROM categories WHERE category_name = 'Sản xuất' AND level = 1), 'manufacturing-1'),
((SELECT category_id FROM categories WHERE category_name = 'Sản xuất' AND level = 1), 'manufacturing-2'),
((SELECT category_id FROM categories WHERE category_name = 'Sản xuất' AND level = 1), 'manufacturing-3'),

-- Tài chính/Ngân hàng/Bảo hiểm
((SELECT category_id FROM categories WHERE category_name = 'Tài chính/Ngân hàng/Bảo hiểm' AND level = 1), 'finance-1'),
((SELECT category_id FROM categories WHERE category_name = 'Tài chính/Ngân hàng/Bảo hiểm' AND level = 1), 'finance-2'),
((SELECT category_id FROM categories WHERE category_name = 'Tài chính/Ngân hàng/Bảo hiểm' AND level = 1), 'finance-3'),
((SELECT category_id FROM categories WHERE category_name = 'Tài chính/Ngân hàng/Bảo hiểm' AND level = 1), 'finance-4'),
((SELECT category_id FROM categories WHERE category_name = 'Tài chính/Ngân hàng/Bảo hiểm' AND level = 1), 'finance-5'),

-- Tài xế
((SELECT category_id FROM categories WHERE category_name = 'Tài xế' AND level = 1), 'driver-1'),
((SELECT category_id FROM categories WHERE category_name = 'Tài xế' AND level = 1), 'driver-2'),
((SELECT category_id FROM categories WHERE category_name = 'Tài xế' AND level = 1), 'driver-3'),
((SELECT category_id FROM categories WHERE category_name = 'Tài xế' AND level = 1), 'driver-4'),

-- Tư vấn chuyên môn
((SELECT category_id FROM categories WHERE category_name = 'Tư vấn chuyên môn' AND level = 1), 'consulting-1'),
((SELECT category_id FROM categories WHERE category_name = 'Tư vấn chuyên môn' AND level = 1), 'consulting-2'),
((SELECT category_id FROM categories WHERE category_name = 'Tư vấn chuyên môn' AND level = 1), 'consulting-3'),
((SELECT category_id FROM categories WHERE category_name = 'Tư vấn chuyên môn' AND level = 1), 'consulting-4');